point_index,payload_hex,timestamp,monotonic_s,elapsed_s,phase,rx_bytes_hex,reply_kind,raw_position,delta_counts,valid,note
1,002000,1790098814.330304,284831.3135066,0.20798050001030788,warmup,101ED6,valid,1056470,3,True,
1,002000,1790098814.5222757,284831.5054803,0.39995420002378523,warmup,101ED9,valid,1056473,3,True,
1,002000,1790098814.7136812,284831.6968856,0.5913595000165515,warmup,101EDC,valid,1056476,3,True,
1,002000,1790098814.9056818,284831.8888865,0.7833604000043124,warmup,101EDF,valid,1056479,3,True,
1,002000,1790098815.0976677,284832.0808717,0.9753456000471488,warmup,101EE0,valid,1056480,1,True,
1,002000,1790098815.2896607,284832.2728667,1.1673406000481918,warmup,101EE1,valid,1056481,1,True,
1,002000,1790098815.481661,284832.4648656,1.3593395000207238,warmup,101EE3,valid,1056483,2,True,
1,002000,1790098815.6732364,284832.656441,1.5509149000281468,warmup,101EE8,valid,1056488,5,True,
1,002000,1790098815.8652372,284832.8484421,1.7429160000174306,warmup,101EF2,valid,1056498,10,True,
1,002000,1790098816.0572262,284833.0404308,1.93490470002871,warmup,101EF6,valid,1056502,4,True,
1,002000,1790098816.249208,284833.2324145,2.126888400001917,warmup,101F05,valid,1056517,15,True,
1,002000,1790098816.4412086,284833.4244131,2.3188870000303723,warmup,101F10,valid,1056528,11,True,
1,002000,1790098816.6331968,284833.6164023,2.510876200045459,warmup,101F23,valid,1056547,19,True,
1,002000,1790098816.8252063,284833.8084115,2.7028854000382125,warmup,101F45,valid,1056581,34,True,
1,002000,1790098817.0171804,284834.0003862,2.8948601000010967,warmup,101F76,valid,1056630,49,True,
1,002000,1790098817.208619,284834.1918239,3.086297800007742,measurement,101F98,valid,1056664,34,True,
1,002000,1790098817.4005961,284834.3838011,3.27827500004787,measurement,101FD4,valid,1056724,60,True,
1,002000,1790098817.592591,284834.5757954,3.470269300043583,measurement,102014,valid,1056788,64,True,
1,002000,1790098817.784596,284834.767803,3.6622769000241533,measurement,102062,valid,1056866,78,True,
1,002000,1790098817.9765713,284834.9597786,3.854252500052098,measurement,1020CE,valid,1056974,108,True,
1,002000,1790098818.1841583,284835.167362,4.0618359000072815,measurement,10212B,valid,1057067,93,True,
1,002000,1790098818.3761551,284835.3593608,4.25383470003726,measurement,102177,valid,1057143,76,True,
1,002000,1790098818.5681427,284835.5513483,4.445822200039402,measurement,1021C5,valid,1057221,78,True,
1,002000,1790098818.7761366,284835.7593416,4.65381550003076,measurement,1021F7,valid,1057271,50,True,
1,002000,1790098818.9681356,284835.9513404,4.84581430000253,measurement,10221F,valid,1057311,40,True,
1,002000,1790098819.16012,284836.1433248,5.037798700039275,measurement,10223D,valid,1057341,30,True,
1,002000,1790098819.3521154,284836.3353224,5.229796300001908,measurement,10226A,valid,1057386,45,True,
1,002000,1790098819.559541,284836.5427469,5.437220800027717,measurement,1022A3,valid,1057443,57,True,
1,002000,1790098819.7515497,284836.7347491,5.629223000025377,measurement,1022D8,valid,1057496,53,True,
1,002000,1790098819.943516,284836.9267211,5.821195000025909,measurement,102330,valid,1057584,88,True,
1,002000,1790098820.1515098,284837.1347141,6.029188000014983,measurement,102389,valid,1057673,89,True,
1,002000,1790098820.3434987,284837.3267054,6.22117930004606,measurement,1023D7,valid,1057751,78,True,
1,002000,1790098820.5350738,284837.5182784,6.4127523000352085,measurement,10243D,valid,1057853,102,True,
1,002000,1790098820.7270696,284837.7102742,6.604748100042343,measurement,1024B4,valid,1057972,119,True,
1,002000,1790098820.9350758,284837.9182831,6.812757000036072,measurement,102524,valid,1058084,112,True,
1,002000,1790098821.127061,284838.1102654,7.004739300056826,measurement,102592,valid,1058194,110,True,
1,002000,1790098821.3190541,284838.3022606,7.196734500001185,measurement,102604,valid,1058308,114,True,
1,002000,1790098821.527054,284838.5102584,7.404732300026808,measurement,102682,valid,1058434,126,True,
1,002000,1790098821.7190428,284838.7022481,7.596722000045702,measurement,102711,valid,1058577,143,True,
1,002000,1790098821.9104512,284838.8936573,7.788131200009957,measurement,1027BA,valid,1058746,169,True,
1,002000,1790098822.1184435,284839.1016479,7.996121800038964,measurement,102870,valid,1058928,182,True,
2,003978,1790098824.4373724,284841.4205765,0.19198970001889393,warmup,1028B1,valid,1058993,7,True,
2,003978,1790098824.6293583,284841.6125646,0.38397780002560467,warmup,1028B6,valid,1058998,5,True,
2,003978,1790098824.8213558,284841.804562,0.5759751999867149,warmup,1028B8,valid,1059000,2,True,
2,003978,1790098825.0133529,284841.9965579,0.767971099994611,warmup,1028B9,valid,1059001,1,True,
2,003978,1790098825.2049253,284842.1881302,0.9595434000366367,warmup,1028BA,valid,1059002,1,True,
2,003978,1790098825.3969285,284842.3801329,1.1515461000381038,warmup,1028BF,valid,1059007,5,True,
2,003978,1790098825.6049376,284842.5881413,1.3595545000280254,warmup,1028C8,valid,1059016,9,True,
2,003978,1790098825.796912,284842.7801157,1.5515288999886252,warmup,1028CC,valid,1059020,4,True,
2,003978,1790098825.988904,284842.9721084,1.7435216000303626,warmup,1028D4,valid,1059028,8,True,
2,003978,1790098826.1969028,284843.1801064,1.9515195999993011,warmup,1028E4,valid,1059044,16,True,
2,003978,1790098826.3883066,284843.3715133,2.1429265000042506,warmup,1028E8,valid,1059048,4,True,
2,003978,1790098826.5803044,284843.5635085,2.3349217000068165,warmup,1028F7,valid,1059063,15,True,
2,003978,1790098826.7882938,284843.7714984,2.542911600030493,warmup,1028FF,valid,1059071,8,True,
2,003978,1790098826.9802885,284843.9634926,2.7349058000254445,warmup,10291F,valid,1059103,32,True,
2,003978,1790098827.1722856,284844.1554898,2.926902999985032,warmup,10292E,valid,1059118,15,True,
2,003978,1790098827.3642788,284844.3474828,3.1188960000290535,measurement,10295B,valid,1059163,45,True,
2,003978,1790098827.5718582,284844.5550627,3.3264759000157937,measurement,10298B,valid,1059211,48,True,
2,003978,1790098827.763851,284844.7470568,3.518470000009984,measurement,1029BE,valid,1059262,51,True,
2,003978,1790098827.9558337,284844.9390388,3.7104520000284538,measurement,000004,valid,4,70,True,
2,003978,1790098828.163859,284845.1470635,3.9184767000260763,measurement,00006B,valid,107,103,True,
2,003978,1790098828.3558297,284845.3390344,4.110447600018233,measurement,0000C0,valid,192,85,True,
2,003978,1790098828.5478284,284845.5310338,4.302446999994572,measurement,00010C,valid,268,76,True,
2,003978,1790098828.7392383,284845.7224439,4.493857100023888,measurement,00016D,valid,365,97,True,
2,003978,1790098828.947226,284845.9304326,4.701845800038427,measurement,0001E2,valid,482,117,True,
2,003978,1790098829.1392128,284846.1224174,4.89383060002001,measurement,000270,valid,624,142,True,
2,003978,1790098829.3312154,284846.314422,5.085835200035945,measurement,00031F,valid,799,175,True,
2,003978,1790098829.5392191,284846.5224264,5.293839599995408,measurement,0003D5,valid,981,182,True,
2,003978,1790098829.731203,284846.7144083,5.485821500013117,measurement,000493,valid,1171,190,True,
2,003978,1790098829.9227827,284846.9059886,5.677401799999643,measurement,000555,valid,1365,194,True,
2,003978,1790098830.1307693,284847.1139736,5.8853867999860086,measurement,000652,valid,1618,253,True,
2,003978,1790098830.3227694,284847.3059747,6.0773879000335,measurement,00073C,valid,1852,234,True,
2,003978,1790098830.5147483,284847.4979556,6.269368799985386,measurement,00081A,valid,2074,222,True,
2,003978,1790098830.706753,284847.6899578,6.461370999983046,measurement,0008F6,valid,2294,220,True,
2,003978,1790098830.914753,284847.8979577,6.66937090002466,measurement,0009D8,valid,2520,226,True,
2,003978,1790098831.1067464,284848.0899511,6.86136430001352,measurement,000B01,valid,2817,297,True,
2,003978,1790098831.298158,284848.2813621,7.052775299991481,measurement,000C38,valid,3128,311,True,
2,003978,1790098831.5061388,284848.4893436,7.260756800009403,measurement,000D72,valid,3442,314,True,
2,003978,1790098831.6981447,284848.6813486,7.452761800028384,measurement,000E9D,valid,3741,299,True,
2,003978,1790098831.8901305,284848.8733352,7.644748400023673,measurement,000F95,valid,3989,248,True,
2,003978,1790098832.0821233,284849.0653284,7.83674160001101,measurement,0010C4,valid,4292,303,True,
3,005000,1790098834.5610652,284851.5442697,0.19200049998471513,warmup,0011FB,valid,4603,9,True,
3,005000,1790098834.7530398,284851.736244,0.3839748000027612,warmup,00120A,valid,4618,15,True,
3,005000,1790098834.9450283,284851.9282358,0.5759665999794379,warmup,001210,valid,4624,6,True,
3,005000,1790098835.1370354,284852.1202392,0.767969999986235,warmup,00121F,valid,4639,15,True,
3,005000,1790098835.329029,284852.3122336,0.9599643999827094,warmup,001236,valid,4662,23,True,
3,005000,1790098835.5210109,284852.5042186,1.1519493999658152,warmup,001241,valid,4673,11,True,
3,005000,1790098835.712609,284852.6958141,1.3435448999516666,warmup,00124D,valid,4685,12,True,
3,005000,1790098835.9045882,284852.8877937,1.5355244999518618,warmup,001269,valid,4713,28,True,
3,005000,1790098836.096585,284853.0797895,1.7275202999589965,warmup,00127D,valid,4733,20,True,
3,005000,1790098836.2885785,284853.2717848,1.919515599962324,warmup,0012A2,valid,4770,37,True,
3,005000,1790098836.480566,284853.4637717,2.1115024999598972,warmup,0012C6,valid,4806,36,True,
3,005000,1790098836.6725698,284853.6557743,2.303505099960603,warmup,0012FB,valid,4859,53,True,
3,005000,1790098836.8645535,284853.8477583,2.495489099994302,warmup,001344,valid,4932,73,True,
3,005000,1790098837.055985,284854.0391892,2.6869199999491684,warmup,00139A,valid,5018,86,True,
3,005000,1790098837.2479694,284854.2311738,2.878904599987436,warmup,0013FF,valid,5119,101,True,
3,005000,1790098837.4399548,284854.4231606,3.070891399984248,measurement,00148B,valid,5259,140,True,
3,005000,1790098837.647949,284854.6311536,3.2788843999733217,measurement,00151C,valid,5404,145,True,
3,005000,1790098837.8399434,284854.823148,3.470878799969796,measurement,0015CF,valid,5583,179,True,
3,005000,1790098838.0319395,284855.0151445,3.662875299982261,measurement,001695,valid,5781,198,True,
3,005000,1790098838.2395177,284855.2227219,3.870452699949965,measurement,001758,valid,5976,195,True,
3,005000,1790098838.431504,284855.4147092,4.062439999950584,measurement,00181A,valid,6170,194,True,
3,005000,1790098838.6234944,284855.6067021,4.254432899993844,measurement,0018AE,valid,6318,148,True,
3,005000,1790098838.8154879,284855.7986924,4.446423199959099,measurement,00197A,valid,6522,204,True,
3,005000,1790098839.0235033,284856.0067083,4.654439099947922,measurement,001A5F,valid,6751,229,True,
3,005000,1790098839.2154803,284856.1986852,4.846415999985766,measurement,001B48,valid,6984,233,True,
3,005000,1790098839.4069033,284856.3901076,5.037838399992324,measurement,001C5F,valid,7263,279,True,
3,005000,1790098839.6149156,284856.5981203,5.245851099956781,measurement,001DA2,valid,7586,323,True,
3,005000,1790098839.8068829,284856.7900873,5.437818099977449,measurement,001EBB,valid,7867,281,True,
3,005000,1790098839.9988692,284856.9820765,5.629807299992535,measurement,001FC9,valid,8137,270,True,
3,005000,1790098840.1908755,284857.1740797,5.8218104999978095,measurement,0020D0,valid,8400,263,True,
3,005000,1790098840.3984463,284857.3816495,6.029380299965851,measurement,0021E0,valid,8672,272,True,
3,005000,1790098840.5904422,284857.5736488,6.221379599999636,measurement,0022FA,valid,8954,282,True,
3,005000,1790098840.7824335,284857.7656382,6.413368999958038,measurement,002445,valid,9285,331,True,
3,005000,1790098840.9904244,284857.9736291,6.621359899989329,measurement,002599,valid,9625,340,True,
3,005000,1790098841.182417,284858.1656207,6.813351499964483,measurement,0026F6,valid,9974,349,True,
3,005000,1790098841.3744025,284858.3576078,7.005338599963579,measurement,00285A,valid,10330,356,True,
3,005000,1790098841.5824049,284858.5656113,7.213342099974398,measurement,0029BE,valid,10686,356,True,
3,005000,1790098841.77441,284858.7576148,7.405345599981956,measurement,002B0B,valid,11019,333,True,
3,005000,1790098841.9658127,284858.9490192,7.596749999967869,measurement,002C18,valid,11288,269,True,
3,005000,1790098842.1578047,284859.1410088,7.788739599986002,measurement,002D1D,valid,11549,261,True,
3,005000,1790098842.3658004,284859.3490049,7.9967356999986805,measurement,002E30,valid,11824,275,True,
4,0072F1,1790098844.6849668,284861.6681696,0.19222470000386238,warmup,002E99,valid,11929,24,True,
4,0072F1,1790098844.876304,284861.8595082,0.38356330001261085,warmup,002EC6,valid,11974,45,True,
4,0072F1,1790098845.068297,284862.0515008,0.5755558999953791,warmup,002EF7,valid,12023,49,True,
4,0072F1,1790098845.260288,284862.2434936,0.7675486999796703,warmup,002F40,valid,12096,73,True,
4,0072F1,1790098845.4522932,284862.4354971,0.959552199987229,warmup,002F9B,valid,12187,91,True,
4,0072F1,1790098845.6602755,284862.6434826,1.1675376999774016,warmup,002FFE,valid,12286,99,True,
4,0072F1,1790098845.8522875,284862.835492,1.359547099971678,warmup,00304F,valid,12367,81,True,
4,0072F1,1790098846.044265,284863.0274699,1.5515249999589287,warmup,0030B4,valid,12468,101,True,
4,0072F1,1790098846.2362852,284863.2194894,1.7435444999719039,warmup,00313B,valid,12603,135,True,
4,0072F1,1790098846.4437165,284863.4269232,1.9509783000103198,warmup,0031DB,valid,12763,160,True,
4,0072F1,1790098846.6356626,284863.6188664,2.142921499966178,warmup,003285,valid,12933,170,True,
4,0072F1,1790098846.8276622,284863.8108666,2.3349217000068165,warmup,00334F,valid,13135,202,True,
4,0072F1,1790098847.0356534,284864.0188577,2.5429127999814227,warmup,003434,valid,13364,229,True,
4,0072F1,1790098847.2276487,284864.2108539,2.734908999991603,warmup,003524,valid,13604,240,True,
4,0072F1,1790098847.4192245,284864.4024289,2.9264839999959804,warmup,00362F,valid,13871,267,True,
4,0072F1,1790098847.6272094,284864.610415,3.134470099990722,measurement,00373C,valid,14140,269,True,
4,0072F1,1790098847.81922,284864.802424,3.3264790999819525,measurement,00385A,valid,14426,286,True,
4,0072F1,1790098848.0112,284864.9944043,3.518459399987478,measurement,00395C,valid,14684,258,True,
4,0072F1,1790098848.2032201,284865.1864247,3.710479800007306,measurement,003A67,valid,14951,267,True,
4,0072F1,1790098848.4111774,284865.3943822,3.918437299958896,measurement,003B7A,valid,15226,275,True,
4,0072F1,1790098848.603181,284865.586385,4.110440099961124,measurement,003C90,valid,15504,278,True,
4,0072F1,1790098848.795182,284865.7783885,4.302443599968683,measurement,003DF2,valid,15858,354,True,
4,0072F1,1790098849.0025837,284865.98579,4.509845099993981,measurement,003F7E,valid,16254,396,True,
4,0072F1,1790098849.1945863,284866.1777915,4.701846599986311,measurement,004113,valid,16659,405,True,
4,0072F1,1790098849.3865864,284866.3697909,4.89384599996265,measurement,0042A8,valid,17064,405,True,
4,0072F1,1790098849.578573,284866.5617774,5.0858325000153854,measurement,004430,valid,17456,392,True,
4,0072F1,1790098849.78614,284866.7693461,5.293401199975051,measurement,0045AC,valid,17836,380,True,
4,0072F1,1790098849.978146,284866.9613514,5.485406499996316,measurement,00472F,valid,18223,387,True,
4,0072F1,1790098850.1701412,284867.1533451,5.67740019998746,measurement,0048D3,valid,18643,420,True,
4,0072F1,1790098850.3781233,284867.3613298,5.885384899971541,measurement,004A78,valid,19064,421,True,
4,0072F1,1790098850.5701215,284867.5533274,6.077382499992382,measurement,004C11,valid,19473,409,True,
4,0072F1,1790098850.7621176,284867.7453249,6.269380000012461,measurement,004DAA,valid,19882,409,True,
4,0072F1,1790098850.9701447,284867.9533485,6.477403600001708,measurement,004F48,valid,20296,414,True,
4,0072F1,1790098851.1615298,284868.1447331,6.668788200011477,measurement,0050F3,valid,20723,427,True,
4,0072F1,1790098851.3535156,284868.3367195,6.860774600005243,measurement,00527C,valid,21116,393,True,
4,0072F1,1790098851.5455134,284868.528717,7.052772099967115,measurement,005412,valid,21522,406,True,
4,0072F1,1790098851.7535026,284868.7367074,7.260762499994598,measurement,0055A5,valid,21925,403,True,
4,0072F1,1790098851.9455082,284868.9287123,7.452767400012817,measurement,00573A,valid,22330,405,True,
4,0072F1,1790098852.137511,284869.1207142,7.644769300008193,measurement,0058D2,valid,22738,408,True,
4,0072F1,1790098852.345066,284869.3282715,7.852326599997468,measurement,005A86,valid,23174,436,True,
