cumulative_progress,cycle_elapsed_s,cycle_index,delta_counts,direction,elapsed_s,instant_cps,invalid_reason,monotonic_s,payload_hex,phase,raw_position,rx_bytes_hex,unwrapped_position,valid
92,0.15026960000977851,1,92,+,2.5526394000044093,612.2305020637239,,260353.2357716,00E5E3,FAST,153955,025963,153955,True
338,0.3263063000049442,1,246,+,2.728676099999575,1397.435875625683,,260353.4118083,00E5E3,FAST,154201,025A59,154201,True
666,0.5021958999859635,1,328,+,2.904565699980594,1864.8061058493247,,260353.5876979,00E5E3,FAST,154529,025BA1,154529,True
1025,0.6778136999928392,1,359,+,3.08018349998747,2044.2119192128844,,260353.7633157,00E5E3,FAST,154888,025D08,154888,True
1439,0.853945599985309,1,414,+,3.2563153999799397,2350.5111795063817,,260353.9394476,00E5E3,FAST,155302,025EA6,155302,True
1925,1.0301505000097677,1,486,+,3.4325203000043985,2758.1525822070726,,260354.1156525,00E5E3,FAST,155788,02608C,155788,True
2427,1.205532599997241,1,502,+,3.607902399991872,2862.3217536787124,,260354.2910346,00E5E3,FAST,156290,026282,156290,True
2877,1.381431599991629,1,450,+,3.7838013999862596,2558.286289372637,,260354.4669336,00E5E3,FAST,156740,026444,156740,True
3383,1.557754000008572,1,506,+,3.9601238000032026,2869.743152040682,,260354.643256,00E5E3,FAST,157246,02663E,157246,True
3874,1.7332760999852326,1,491,+,4.135645899979863,2797.3685368696515,,260354.8187781,00E5E3,FAST,157737,026829,157737,True
4358,1.9091808999946807,1,484,+,4.311550699989311,2751.4883048899387,,260354.9946829,00E5E3,FAST,158221,026A0D,158221,True
4817,2.0853482999955304,1,459,+,4.487718099990161,2605.476382110345,,260355.1708503,00E5E3,FAST,158680,026BD8,158680,True
5229,2.2612063999986276,1,412,+,4.663576199993258,2342.7979717325725,,260355.3467084,0072F1,MEDIUM,159092,026D74,159092,True
5439,2.4369767000025604,1,210,+,4.839346499997191,1194.741091044968,,260355.5224787,0072F1,MEDIUM,159302,026E46,159302,True
5527,2.612829599995166,1,88,+,5.015199399989797,500.41824731750376,,260355.6983316,0072F1,MEDIUM,159390,026E9E,159390,True
5591,2.7887211999914143,1,64,+,5.191090999986045,363.8604686145621,,260355.8742232,0072F1,MEDIUM,159454,026EDE,159454,True
5655,2.964662499987753,1,64,+,5.367032299982384,363.7576850991313,,260356.0501645,0072F1,MEDIUM,159518,026F1E,159518,True
5720,3.140539699990768,1,65,+,5.542909499985399,369.57604509786245,,260356.2260417,0072F1,MEDIUM,159583,026F5F,159583,True
5817,3.316463399998611,1,97,+,5.718833199993242,551.3753973778157,,260356.4019654,0072F1,MEDIUM,159680,026FC0,159680,True
5907,3.4923973999975715,1,90,+,5.894767199992202,511.55546966778275,,260356.5778994,0072F1,MEDIUM,159770,02701A,159770,True
6003,3.668644299992593,1,96,+,6.071014099987224,544.6904314499246,,260356.7541463,0072F1,MEDIUM,159866,02707A,159866,True
6111,3.8445409999985714,1,108,+,6.246910799993202,613.996737837204,,260356.930043,0072F1,MEDIUM,159974,0270E6,159974,True
6204,4.020198399986839,1,93,+,6.42256819998147,529.4396934385435,,260357.1057004,0072F1,MEDIUM,160067,027143,160067,True
6315,4.196392000012565,1,111,+,6.598761800007196,629.9888303763167,,260357.281894,0072F1,MEDIUM,160178,0271B2,160178,True
6427,4.37193130000378,1,112,+,6.774301099998411,638.0337622720687,,260357.4574333,0072F1,MEDIUM,160290,027222,160290,True
6571,4.547910599998431,1,144,+,6.950280399993062,818.278058864746,,260357.6334126,0072F1,MEDIUM,160434,0272B2,160434,True
6747,4.72375699999975,1,176,+,7.126126799994381,1000.8734895834076,,260357.809259,0072F1,MEDIUM,160610,027362,160610,True
6946,4.900050800002646,1,199,+,7.302420599997276,1128.7974959796193,,260357.9855528,0072F1,MEDIUM,160809,027429,160809,True
7146,5.075534300005529,1,200,+,7.47790410000016,1139.7082916440224,,260358.1610363,0072F1,MEDIUM,161009,0274F1,161009,True
7418,5.251671700010775,1,272,+,7.654041500005405,1544.2489783084088,,260358.3371737,0072F1,MEDIUM,161281,027601,161281,True
7669,5.427757099998416,1,251,+,7.830126899993047,1425.4446990926906,,260358.5132591,0072F1,MEDIUM,161532,0276FC,161532,True
7937,5.6032941000012215,1,268,+,8.005663899995852,1526.743649462605,,260358.6887961,0072F1,MEDIUM,161800,027808,161800,True
8233,5.779408800008241,1,296,+,8.181778600002872,1680.7228470320879,,260358.8649108,0072F1,MEDIUM,162096,027930,162096,True
8503,5.955118099984247,1,270,+,8.357487899978878,1536.6289663487912,,260359.0406201,0072F1,MEDIUM,162366,027A3E,162366,True
8819,6.131025699985912,1,316,+,8.533395499980543,1796.3976542060109,,260359.2165277,0072F1,MEDIUM,162682,027B7A,162682,True
9138,6.306938900001114,1,319,+,8.709308699995745,1813.394332957575,,260359.3924409,0072F1,MEDIUM,163001,027CB9,163001,True
9465,6.482832200010307,1,327,+,8.885202000004938,1859.0816135856776,,260359.5683342,0072F1,MEDIUM,163328,027E00,163328,True
9786,6.659147200000007,1,321,+,9.061516999994637,1820.6051669951678,,260359.7446492,0072F1,MEDIUM,163649,027F41,163649,True
10092,6.834665200003656,1,306,+,9.237034999998286,1743.4109321758363,,260359.9201672,0072F1,MEDIUM,163955,028073,163955,True
10444,7.0108897000027355,1,352,+,9.413259499997366,1997.452113649566,,260360.0963917,0072F1,MEDIUM,164307,0281D3,164307,True
10823,7.186488100007409,1,379,+,9.58885790000204,2158.3340166534117,,260360.2719901,0072F1,MEDIUM,164686,02834E,164686,True
11204,7.362415399984457,1,381,+,9.764785199979087,2165.66729580746,,260360.4479174,0072F1,MEDIUM,165067,0284CB,165067,True
11588,7.538358199992217,1,384,+,9.940727999986848,2182.527503160473,,260360.6238602,0072F1,MEDIUM,165451,02864B,165451,True
11976,7.714209900004789,1,388,+,10.11657969999942,2206.404600991977,,260360.7997119,0072F1,MEDIUM,165839,0287CF,165839,True
12365,7.890125400008401,1,389,+,10.292495200003032,2211.288942657205,,260360.9756274,0072F1,MEDIUM,166228,028954,166228,True
12716,8.06611710001016,1,351,+,10.468486900004791,1994.4122364662137,,260361.1516191,0072F1,MEDIUM,166579,028AB3,166579,True
13099,8.242275500000687,1,383,+,10.644645299995318,2174.1796021114865,,260361.3277775,0072F1,MEDIUM,166962,028C32,166962,True
13509,8.418326299986802,1,410,+,10.820696099981433,2328.8732572208537,,260361.5038283,0072F1,MEDIUM,167372,028DCC,167372,True
13937,8.593768999999156,1,428,+,10.996138799993787,2439.542938918869,,260361.679271,0072F1,MEDIUM,167800,028F78,167800,True
14329,8.769684099999722,1,392,+,11.172053899994353,2228.3476517862255,,260361.8551861,0072F1,MEDIUM,168192,029100,168192,True
14737,8.945590199989965,1,408,+,11.347959999984596,2319.4192812110005,,260362.0310922,0072F1,MEDIUM,168600,029298,168600,True
15129,9.121833100012736,1,392,+,11.524202900007367,2224.2030739924967,,260362.2073351,0072F1,MEDIUM,168992,029420,168992,True
15563,9.2975301000115,1,434,+,11.69989990000613,2470.161698851176,,260362.3830321,0072F1,MEDIUM,169426,0295D2,169426,True
16027,9.473428099998273,1,464,+,11.875797899992904,2637.8924151206406,,260362.5589301,0072F1,MEDIUM,169890,0297A2,169890,True
16500,9.649224399996456,1,473,+,12.051594199991086,2690.614080073866,,260362.7347264,0072F1,MEDIUM,170363,02997B,170363,True
16997,9.825422099995194,1,497,+,12.227791899989825,2820.6951623293553,,260362.9109241,0072F1,MEDIUM,170860,029B6C,170860,True
17461,10.001201500010211,1,464,+,12.403571300004842,2639.6722253026237,,260363.0867035,0072F1,MEDIUM,171324,029D3C,171324,True
17958,10.177064199990127,1,497,+,12.579433999984758,2826.0682910973055,,260363.2625662,0072F1,MEDIUM,171821,029F2D,171821,True
96,0.1501529999950435,2,96,+,13.12313809999614,639.3448846066472,,260363.8062703,00E5E3,FAST,172209,02A0B1,172209,True
378,0.3263087999948766,2,282,+,13.299293899995973,1600.8556062319105,,260363.9824261,00E5E3,FAST,172491,02A1CB,172491,True
787,0.5020070000027772,2,409,+,13.474992100003874,2327.855379176386,,260364.1581243,00E5E3,FAST,172900,02A364,172900,True
1186,0.6782343999948353,2,399,+,13.651219499995932,2264.1201085528214,,260364.3343517,00E5E3,FAST,173299,02A4F3,173299,True
1613,0.8536536000028718,2,427,+,13.826638700003969,2434.1691216265817,,260364.5097709,00E5E3,FAST,173726,02A69E,173726,True
2081,1.0295705999888014,2,468,+,14.002555699989898,2660.3455040583467,,260364.6856879,00E5E3,FAST,174194,02A872,174194,True
2575,1.2057067999849096,2,494,+,14.178691899986006,2804.6477669605406,,260364.8618241,00E5E3,FAST,174688,02AA60,174688,True
3067,1.3813775999878999,2,492,+,14.354362699988997,2800.6931145735384,,260365.0374949,00E5E3,FAST,175180,02AC4C,175180,True
3539,1.557289699994726,2,472,+,14.530274799995823,2683.1582363105445,,260365.213407,00E5E3,FAST,175652,02AE24,175652,True
4043,1.7332072999852244,2,504,+,14.706192399986321,2864.977694256983,,260365.3893246,00E5E3,FAST,176156,02B01C,176156,True
4571,1.909138899995014,2,528,+,14.88212399999611,3001.1663622147444,,260365.5652562,00E5E3,FAST,176684,02B22C,176684,True
5096,2.0850684999895748,2,525,+,15.058053599990672,2984.148204828702,,260365.7411858,00E5E3,FAST,177209,02B439,177209,True
5564,2.2612199999857694,2,468,+,15.234205099986866,2656.8039443894045,,260365.9173373,0072F1,MEDIUM,177677,02B60D,177677,True
5825,2.4368509000050835,2,261,+,15.40983600000618,1486.0710727514224,,260366.0929682,0072F1,MEDIUM,177938,02B712,177938,True
5963,2.6127501000009943,2,138,+,15.585735200002091,784.540236699247,,260366.2688674,0072F1,MEDIUM,178076,02B79C,178076,True
6047,2.7886790999909863,2,84,+,15.761664199992083,477.46534115909526,,260366.4447964,0072F1,MEDIUM,178160,02B7F0,178160,True
6119,2.964585599984275,2,72,+,15.937570699985372,409.3083541696692,,260366.6207029,0072F1,MEDIUM,178232,02B838,178232,True
6165,3.140518999978667,2,46,+,16.113504099979764,261.46257618772955,,260366.7966363,0072F1,MEDIUM,178278,02B866,178278,True
6210,3.316777700005332,2,45,+,16.28976280000643,255.3065465318437,,260366.972895,0072F1,MEDIUM,178323,02B893,178323,True
6247,3.4923118999868166,2,37,+,16.465296999987913,210.7851347709038,,260367.1484292,0072F1,MEDIUM,178360,02B8B8,178360,True
6300,3.668230599985691,2,53,+,16.641215699986788,301.2755323927426,,260367.3243479,0072F1,MEDIUM,178413,02B8ED,178413,True
6362,3.8445099999953527,2,62,+,16.81749509999645,351.714380674099,,260367.5006273,0072F1,MEDIUM,178475,02B92B,178475,True
6411,4.020065599994268,2,49,+,16.993050699995365,279.113853390622,,260367.6761829,0072F1,MEDIUM,178524,02B95C,178524,True
6473,4.196147499984363,2,62,+,17.16913259998546,352.1088766277948,,260367.8522648,0072F1,MEDIUM,178586,02B99A,178586,True
6563,4.371910799993202,2,90,+,17.3448958999943,512.0522884781634,,260368.0280281,0072F1,MEDIUM,178676,02B9F4,178676,True
6696,4.548034999985248,2,133,+,17.521020099986345,755.1489233507186,,260368.2041523,0072F1,MEDIUM,178809,02BA79,178809,True
6875,4.724072399985744,2,179,+,17.69705749998684,1016.8293782997011,,260368.3801897,0072F1,MEDIUM,178988,02BB2C,178988,True
7027,4.899650899984408,2,152,+,17.872635999985505,865.7096398542884,,260368.5557682,0072F1,MEDIUM,179140,02BBC4,179140,True
7189,5.0758969000016805,2,162,+,18.048882000002777,919.1697966712652,,260368.7320142,0072F1,MEDIUM,179302,02BC66,179302,True
7373,5.251417799998308,2,184,+,18.224402899999404,1048.3082071909146,,260368.9075351,0072F1,MEDIUM,179486,02BD1E,179486,True
7624,5.4276626999781,2,251,+,18.400647799979197,1424.1546849229599,,260369.08378,0072F1,MEDIUM,179737,02BE19,179737,True
7915,5.603250199987087,2,291,+,18.576235299988184,1657.2933721654758,,260369.2593675,0072F1,MEDIUM,180028,02BF3C,180028,True
8198,5.779188099986641,2,283,+,18.752173199987737,1608.5220978579287,,260369.4353054,0072F1,MEDIUM,180311,02C057,180311,True
8470,5.955124500003876,2,272,+,18.928109600004973,1546.013218261564,,260369.6112418,0072F1,MEDIUM,180583,02C167,180583,True
8731,6.130985600000713,2,261,+,19.10397070000181,1484.1258243278048,,260369.7871029,0072F1,MEDIUM,180844,02C26C,180844,True
9025,6.30691630000365,2,294,+,19.279901400004746,1671.1125459916464,,260369.9630336,0072F1,MEDIUM,181138,02C392,181138,True
9319,6.482862699980615,2,294,+,19.45584779998171,1670.9634299905572,,260370.13898,0072F1,MEDIUM,181432,02C4B8,181432,True
9647,6.658724299981259,2,328,+,19.631709399982356,1865.1030128168895,,260370.3148416,0072F1,MEDIUM,181760,02C600,181760,True
9963,6.8346084999793675,2,316,+,19.807593599980464,1796.6366507247271,,260370.4907258,0072F1,MEDIUM,182076,02C73C,182076,True
10310,7.0105057999899145,2,347,+,19.98349089999101,1972.7420487932072,,260370.6666231,0072F1,MEDIUM,182423,02C897,182423,True
10683,7.186427999986336,2,373,+,20.159413099987432,2120.255431137106,,260370.8425453,0072F1,MEDIUM,182796,02CA0C,182796,True
11030,7.362355099990964,2,347,+,20.33534019999206,1972.4078893523006,,260371.0184724,0072F1,MEDIUM,183143,02CB67,183143,True
11340,7.538247399992542,2,310,+,20.51123249999364,1762.44213076535,,260371.1943647,0072F1,MEDIUM,183453,02CC9D,183453,True
11679,7.714164699980756,2,339,+,20.687149799981853,1927.0418544549755,,260371.370282,0072F1,MEDIUM,183792,02CDF0,183792,True
12044,7.890111999993678,2,365,+,20.863097099994775,2074.484802967671,,260371.5462293,0072F1,MEDIUM,184157,02CF5D,184157,True
12454,8.066433800006052,2,410,+,21.03941890000715,2325.2938659384495,,260371.7225511,0072F1,MEDIUM,184567,02D0F7,184567,True
12816,8.241887099982705,2,362,+,21.2148721999838,2063.2270812128995,,260371.8980044,0072F1,MEDIUM,184929,02D261,184929,True
13219,8.417780699994182,2,403,+,21.39076579999528,2291.157836178825,,260372.073898,0072F1,MEDIUM,185332,02D3F4,185332,True
13631,8.593702399986796,2,412,+,21.566687499987893,2341.950993068496,,260372.2498197,0072F1,MEDIUM,185744,02D590,185744,True
14036,8.769633299991256,2,405,+,21.742618399992352,2302.040175942566,,260372.4257506,0072F1,MEDIUM,186149,02D725,186149,True
14468,8.94568750000326,2,432,+,21.918672600004356,2453.7897986560088,,260372.6018048,0072F1,MEDIUM,186581,02D8D5,186581,True
14905,9.121695199981332,2,437,+,22.09468029998243,2482.8459212548278,,260372.7778125,0072F1,MEDIUM,187018,02DA8A,187018,True
15351,9.29740710000624,2,446,+,22.270392200007336,2538.245844116296,,260372.9535244,0072F1,MEDIUM,187464,02DC48,187464,True
15772,9.47334850000334,2,421,+,22.446333600004436,2392.8421622593582,,260373.1294658,0072F1,MEDIUM,187885,02DDED,187885,True
16213,9.649665599979926,2,441,+,22.622650699981023,2501.1754393564893,,260373.3057829,0072F1,MEDIUM,188326,02DFA6,188326,True
16666,9.82542619999731,2,453,+,22.798411299998406,2577.369444319124,,260373.4815435,0072F1,MEDIUM,188779,02E16B,188779,True
17139,10.001155899983132,2,473,+,22.97414099998423,2691.633799170887,,260373.6572732,0072F1,MEDIUM,189252,02E344,189252,True
17621,10.176947100000689,2,482,+,23.149932200001786,2741.889241053374,,260373.8330644,0072F1,MEDIUM,189734,02E526,189734,True
131,0.15015780000248924,3,131,+,23.693733499996597,872.4126471497538,,260374.3768657,00E5E3,FAST,190178,02E6E2,190178,True
385,0.3262576000124682,3,254,+,23.869833300006576,1442.3639321884905,,260374.5529655,00E5E3,FAST,190432,02E7E0,190432,True
721,0.5020329999970272,3,336,+,24.045608699991135,1911.5302825623828,,260374.7287409,00E5E3,FAST,190768,02E930,190768,True
1136,0.6782601999875624,3,415,+,24.22183589998167,2354.9145649609645,,260374.9049681,00E5E3,FAST,191183,02EACF,191183,True
1589,0.8537226000044029,3,453,+,24.39729829999851,2581.7497079518002,,260375.0804305,00E5E3,FAST,191636,02EC94,191636,True
2020,1.0297325999999885,3,431,+,24.573308299994096,2448.724504350945,,260375.2564405,00E5E3,FAST,192067,02EE43,192067,True
2517,1.205920000007609,3,497,+,24.749495700001717,2820.8600613806875,,260375.4326279,00E5E3,FAST,192564,02F034,192564,True
2995,1.3818188000004739,3,478,+,24.92539449999458,2717.4716372106536,,260375.6085267,00E5E3,FAST,193042,02F212,193042,True
3470,1.5574883999943268,3,475,+,25.101064099988434,2703.9396686542314,,260375.7841963,00E5E3,FAST,193517,02F3ED,193517,True
3958,1.7332437000004575,3,488,+,25.276819399994565,2776.587676064264,,260375.9599516,00E5E3,FAST,194005,02F5D5,194005,True
4439,1.9093952999974135,3,481,+,25.45297099999152,2730.602503799635,,260376.1361032,00E5E3,FAST,194486,02F7B6,194486,True
4939,2.085234500002116,3,500,+,25.628810199996224,2843.507022248899,,260376.3119424,00E5E3,FAST,194986,02F9AA,194986,True
5286,2.261674100009259,3,347,+,25.805249800003367,1966.678682030294,,260376.488382,0072F1,MEDIUM,195333,02FB05,195333,True
5489,2.4373141000105534,3,203,+,25.98088980000466,1155.7731723895686,,260376.664022,0072F1,MEDIUM,195536,02FBD0,195536,True
5591,2.6130048999912106,3,102,+,26.15658059998532,580.5654024640435,,260376.8397128,0072F1,MEDIUM,195638,02FC36,195638,True
5662,2.7889049999939743,3,71,+,26.332480699988082,403.63820145005275,,260377.0156129,0072F1,MEDIUM,195709,02FC7D,195709,True
5692,2.9647136999992654,3,30,+,26.508289399993373,170.64001951608276,,260377.1914216,0072F1,MEDIUM,195739,02FC9B,195739,True
5749,3.140854199999012,3,57,+,26.68442989999312,323.6053037210748,,260377.3675621,0072F1,MEDIUM,195796,02FCD4,195796,True
5812,3.316826599999331,3,63,+,26.86040229999344,358.01068803906657,,260377.5435345,0072F1,MEDIUM,195859,02FD13,195859,True
5863,3.4925029999867547,3,51,+,27.036078699980862,290.30649537246296,,260377.7192109,0072F1,MEDIUM,195910,02FD46,195910,True
5914,3.6684306999959517,3,51,+,27.21200639999006,289.8918134968732,,260377.8951386,0072F1,MEDIUM,195961,02FD79,195961,True
5986,3.8445272000099067,3,72,+,27.388102900004014,408.8667292893061,,260378.0712351,0072F1,MEDIUM,196033,02FDC1,196033,True
6097,4.02044679998653,3,111,+,27.564022499980638,630.9700568597809,,260378.2471547,0072F1,MEDIUM,196144,02FE30,196144,True
6230,4.196043500007363,3,133,+,27.73961920000147,757.4174229027127,,260378.4227514,0072F1,MEDIUM,196277,02FEB5,196277,True
6354,4.371946500003105,3,124,+,27.915522199997213,704.9339693069568,,260378.5986544,0072F1,MEDIUM,196401,02FF31,196401,True
6485,4.548152900009882,3,131,+,28.09172860000399,743.4463220119242,,260378.7748608,0072F1,MEDIUM,196532,02FFB4,196532,True
6618,4.7241505999991205,3,133,+,28.267726299993228,755.6916937444761,,260378.9508585,0072F1,MEDIUM,196665,030039,196665,True
6793,4.899899000010919,3,175,+,28.443474700005027,995.7416396863464,,260379.1266069,0072F1,MEDIUM,196840,0300E8,196840,True
6987,5.075656300003175,3,194,+,28.619231999997282,1103.7948353129455,,260379.3023642,0072F1,MEDIUM,197034,0301AA,197034,True
7183,5.251633200008655,3,196,+,28.795208900002763,1113.7825475610503,,260379.4783411,0072F1,MEDIUM,197230,03026E,197230,True
7399,5.427399300009711,3,216,+,28.97097500000382,1228.9059152971056,,260379.6541072,0072F1,MEDIUM,197446,030346,197446,True
7595,5.6037052999890875,3,196,+,29.147280999983195,1111.7035156088102,,260379.8304132,0072F1,MEDIUM,197642,03040A,197642,True
7837,5.779611500009196,3,242,+,29.323187200003304,1375.733203106748,,260380.0063194,0072F1,MEDIUM,197884,0304FC,197884,True
8073,5.955608599993866,3,236,+,29.499184299987974,1340.9311859147474,,260380.1823165,0072F1,MEDIUM,198120,0305E8,198120,True
8315,6.131057899998268,3,242,+,29.674633599992376,1379.315847905509,,260380.3577658,0072F1,MEDIUM,198362,0306DA,198362,True
8565,6.307336900004884,3,250,+,29.850912599998992,1418.2063659915077,,260380.5340448,0072F1,MEDIUM,198612,0307D4,198612,True
8827,6.48333069999353,3,262,+,30.026906399987638,1488.6888061789818,,260380.7100386,0072F1,MEDIUM,198874,0308DA,198874,True
9147,6.658826200000476,3,320,+,30.202401899994584,1823.408577355744,,260380.8855341,0072F1,MEDIUM,199194,030A1A,199194,True
9520,6.834828299994115,3,373,+,30.378403999988222,2119.2928948772856,,260381.0615362,0072F1,MEDIUM,199567,030B8F,199567,True
9873,7.0108204999996815,3,353,+,30.55439619999379,2005.7707102293991,,260381.2375284,0072F1,MEDIUM,199920,030CF0,199920,True
10281,7.1868044000002556,3,408,+,30.730380099994363,2318.3938985252007,,260381.4135123,0072F1,MEDIUM,200328,030E88,200328,True
10692,7.362861800007522,3,411,+,30.90643750000163,2334.4659184052275,,260381.5895697,0072F1,MEDIUM,200739,031023,200739,True
11081,7.538543000002392,3,389,+,31.0821186999965,2214.238063101573,,260381.7652509,0072F1,MEDIUM,201128,0311A8,201128,True
11442,7.714378600008786,3,361,+,31.257954300002893,2053.0541027350127,,260381.9410865,0072F1,MEDIUM,201489,031311,201489,True
11823,7.8906316999928094,3,381,+,31.434207399986917,2161.6641070967567,,260382.1173396,0072F1,MEDIUM,201870,03148E,201870,True
12207,8.066097400005674,3,384,+,31.60967309999978,2188.46190435992,,260382.2928053,0072F1,MEDIUM,202254,03160E,202254,True
12613,8.241984899999807,3,406,+,31.785560599993914,2308.293653690817,,260382.4686928,0072F1,MEDIUM,202660,0317A4,202660,True
13038,8.418181299988646,3,425,+,31.961756999982754,2412.08106423809,,260382.6448892,0072F1,MEDIUM,203085,03194D,203085,True
13484,8.593865000002552,3,446,+,32.13744069999666,2538.6532726980254,,260382.8205729,0072F1,MEDIUM,203531,031B0B,203531,True
13972,8.769745900004636,3,488,+,32.313321599998744,2774.6048604152916,,260382.9964538,0072F1,MEDIUM,204019,031CF3,204019,True
14435,8.946018999995431,3,463,+,32.48959469998954,2626.6061016920867,,260383.1727269,0072F1,MEDIUM,204482,031EC2,204482,True
14918,9.121744400006719,3,483,+,32.66532010000083,2748.6066326721902,,260383.3484523,0072F1,MEDIUM,204965,0320A5,204965,True
15393,9.29774810001254,3,475,+,32.84132380000665,2698.8068999929424,,260383.524456,0072F1,MEDIUM,205440,032280,205440,True
15865,9.473550700000487,3,472,+,33.017126399994595,2684.829462319452,,260383.7002586,0072F1,MEDIUM,205912,032458,205912,True
16331,9.649789499992039,3,466,+,33.19336519998615,2644.1396560935405,,260383.8764974,0072F1,MEDIUM,206378,03262A,206378,True
16827,9.825498999998672,3,496,+,33.36907469999278,2822.8411097935877,,260384.0522069,0072F1,MEDIUM,206874,03281A,206874,True
17299,10.001434000005247,3,472,+,33.545009699999355,2682.8089918569935,,260384.2281419,0072F1,MEDIUM,207346,0329F2,207346,True
17785,10.177026399993338,3,486,+,33.720602099987445,2767.7735484734103,,260384.4037343,0072F1,MEDIUM,207832,032BD8,207832,True
81,0.15014359998167492,4,81,+,34.26446509998641,539.4810193061643,,260384.9475973,00E5E3,FAST,208188,032D3C,208188,True
317,0.3263038999866694,4,236,+,34.440625399991404,1339.6889083028861,,260385.1237576,00E5E3,FAST,208424,032E28,208424,True
575,0.5021513999963645,4,258,+,34.6164729000011,1467.1803692732371,,260385.2996051,00E5E3,FAST,208682,032F2A,208682,True
939,0.6782577999983914,4,364,+,34.792579300003126,2066.9322636531692,,260385.4757115,00E5E3,FAST,209046,033096,209046,True
1365,0.8538780999951996,4,426,+,34.968199599999934,2425.6876910456385,,260385.6513318,00E5E3,FAST,209472,033240,209472,True
1782,1.0295667999889702,4,417,+,35.143888299993705,2373.5163389266677,,260385.8270205,00E5E3,FAST,209889,0333E1,209889,True
2289,1.205789100000402,4,507,+,35.32011060000514,2877.04791032185,,260386.0032428,00E5E3,FAST,210396,0335DC,210396,True
2806,1.3818957999756094,4,517,+,35.496217299980344,2935.720220030152,,260386.1793495,00E5E3,FAST,210913,0337E1,210913,True
3334,1.5575430000026245,4,528,+,35.67186450000736,3006.0257147212824,,260386.3549967,00E5E3,FAST,211441,0339F1,211441,True
3839,1.733650599984685,4,505,+,35.84797209998942,2867.565057109646,,260386.5311043,00E5E3,FAST,211946,033BEA,211946,True
4313,1.9091951999871526,4,474,+,36.02351669999189,2700.1685041484443,,260386.7066489,00E5E3,FAST,212420,033DC4,212420,True
4837,2.0850384999939706,4,524,+,36.199359999998705,2979.9258770717042,,260386.8824922,00E5E3,FAST,212944,033FD0,212944,True
5277,2.261651799984975,4,440,+,36.37597329998971,2491.3186041051918,,260387.0591055,0072F1,MEDIUM,213384,034188,213384,True
5519,2.436815099994419,4,242,+,36.551136599999154,1381.5679425253577,,260387.2342688,0072F1,MEDIUM,213626,03427A,213626,True
5657,2.6127339999948163,4,138,+,36.72705549999955,784.4523811806945,,260387.4101877,0072F1,MEDIUM,213764,034304,213764,True
5744,2.7886180999921635,4,87,+,36.9029395999969,494.6439160862874,,260387.5860718,0072F1,MEDIUM,213851,03435B,213851,True
5804,2.9645346999750473,4,60,+,37.07885619997978,341.0707119500823,,260387.7619884,0072F1,MEDIUM,213911,034397,213911,True
5846,3.140808999974979,4,42,+,37.255130499979714,238.2650221842676,,260387.9382627,0072F1,MEDIUM,213953,0343C1,213953,True
5904,3.3166501999949105,4,58,+,37.430971699999645,329.84306290804295,,260388.1141039,0072F1,MEDIUM,214011,0343FB,214011,True
5983,3.4923065999755636,4,79,+,37.6066280999803,449.74165478002004,,260388.2897603,0072F1,MEDIUM,214090,03444A,214090,True
6070,3.668191599979764,4,87,+,37.7825130999845,494.6413849840656,,260388.4656453,0072F1,MEDIUM,214177,0344A1,214177,True
6125,3.844427599979099,4,55,+,37.958749099983834,312.0815270444604,,260388.6418813,0072F1,MEDIUM,214232,0344D8,214232,True
6212,4.020019699994009,4,87,+,38.134341199998744,495.46648165044184,,260388.8174734,0072F1,MEDIUM,214319,03452F,214319,True
6295,4.19593379998696,4,83,+,38.310255299991695,471.8211900201615,,260388.9933875,0072F1,MEDIUM,214402,034582,214402,True
6422,4.37198259998695,4,127,+,38.486304099991685,721.3908870722636,,260389.1694363,0072F1,MEDIUM,214529,034601,214529,True
6580,4.548219099990092,4,158,+,38.66254059999483,896.5225705071473,,260389.3456728,0072F1,MEDIUM,214687,03469F,214687,True
6771,4.724053999991156,4,191,+,38.83837549999589,1086.2462457614745,,260389.5215077,0072F1,MEDIUM,214878,03475E,214878,True
6967,4.899570199981099,4,196,+,39.013891699985834,1116.7060363159121,,260389.6970239,0072F1,MEDIUM,215074,034822,215074,True
7149,5.075825999985682,4,182,+,39.19014749999042,1032.5901331772786,,260389.8732797,0072F1,MEDIUM,215256,0348D8,215256,True
7348,5.25175609998405,4,199,+,39.366077599988785,1131.1310571746737,,260390.0492098,0072F1,MEDIUM,215455,03499F,215455,True
7596,5.427757099998416,4,248,+,39.54207860000315,1409.0829028230312,,260390.2252108,0072F1,MEDIUM,215703,034A97,215703,True
7858,5.60319699998945,4,262,+,39.717518499994185,1493.3889041967666,,260390.4006507,0072F1,MEDIUM,215965,034B9D,215965,True
8083,5.779063599999063,4,225,+,39.8933851000038,1279.3788018174098,,260390.5765173,0072F1,MEDIUM,216190,034C7E,216190,True
8343,5.95511969999643,4,260,+,40.069441200001165,1476.8019966583797,,260390.7525734,0072F1,MEDIUM,216450,034D82,216450,True
8625,6.130876399984118,4,282,+,40.24519789998885,1604.4907535232273,,260390.9283301,0072F1,MEDIUM,216732,034E9C,216732,True
8943,6.306940199981909,4,318,+,40.421261699986644,1806.1634475910928,,260391.1043939,0072F1,MEDIUM,217050,034FDA,217050,True
9247,6.482917199988151,4,304,+,40.597238699992886,1727.4984798537164,,260391.2803709,0072F1,MEDIUM,217354,03510A,217354,True
9598,6.658642099995632,4,351,+,40.77296360000037,1997.4403171380814,,260391.4560958,0072F1,MEDIUM,217705,035269,217705,True
9960,6.834552599990275,4,362,+,40.94887409999501,2057.864652826431,,260391.6320063,0072F1,MEDIUM,218067,0353D3,218067,True
10326,7.0106105000013486,4,366,+,41.12493200000608,2078.8615562095147,,260391.8080642,0072F1,MEDIUM,218433,035541,218433,True
10684,7.186607099982211,4,358,+,41.300928599986946,2034.1302050092304,,260391.9840608,0072F1,MEDIUM,218791,0356A7,218791,True
11061,7.362770099978661,4,377,+,41.477091599983396,2140.0634639941286,,260392.1602238,0072F1,MEDIUM,219168,035820,219168,True
11425,7.538691399997333,4,364,+,41.65301290000207,2069.1070379844045,,260392.3361451,0072F1,MEDIUM,219532,03598C,219532,True
11829,7.714099999982864,4,404,+,41.8284214999876,2303.1938002659267,,260392.5115537,0072F1,MEDIUM,219936,035B20,219936,True
12249,7.890418499999214,4,420,+,42.00474000000395,2382.052932398204,,260392.6878722,0072F1,MEDIUM,220356,035CC4,220356,True
12678,8.065939399995841,4,429,+,42.180260900000576,2444.1533743744694,,260392.8633931,0072F1,MEDIUM,220785,035E71,220785,True
13137,8.242045999999391,4,459,+,42.356367500004126,2606.3759109013963,,260393.0394997,0072F1,MEDIUM,221244,03603C,221244,True
13533,8.417789999977686,4,396,+,42.53211149998242,2253.277494815802,,260393.2152437,0072F1,MEDIUM,221640,0361C8,221640,True
13935,8.594099699985236,4,402,+,42.70842119998997,2280.0787476967203,,260393.3915534,0072F1,MEDIUM,222042,03635A,222042,True
14353,8.769596899976023,4,418,+,42.88391839998076,2381.804382189257,,260393.5670506,0072F1,MEDIUM,222460,0364FC,222460,True
14806,8.945819299988216,4,453,+,43.06014079999295,2570.6153131988663,,260393.743273,0072F1,MEDIUM,222913,0366C1,222913,True
15255,9.121372299996438,4,449,+,43.23569380000117,2557.6321679434236,,260393.918826,0072F1,MEDIUM,223362,036882,223362,True
15721,9.297309899993706,4,466,+,43.41163139999844,2648.666345381735,,260394.0947636,0072F1,MEDIUM,223828,036A54,223828,True
16206,9.473458399996161,4,485,+,43.587779900000896,2753.3586717641115,,260394.2709121,0072F1,MEDIUM,224313,036C39,224313,True
16693,9.649565499974415,4,487,+,43.76388699997915,2765.3626688539966,,260394.4470192,0072F1,MEDIUM,224800,036E20,224800,True
17180,9.825010899978224,4,487,+,43.93933239998296,2775.7923547122105,,260394.6224646,0072F1,MEDIUM,225287,037007,225287,True
17655,10.000898099999176,4,475,+,44.11521960000391,2700.5944715898413,,260394.7983518,0072F1,MEDIUM,225762,0371E2,225762,True
18141,10.176849099982064,4,486,+,44.2911705999868,2762.132639469318,,260394.9743028,0072F1,MEDIUM,226248,0373C8,226248,True
113,0.15020429997821338,5,113,+,44.83501419998356,752.3051829991032,,260395.5181464,00E5E3,FAST,226655,03755F,226655,True
378,0.3263674999761861,5,265,+,45.011177399981534,1504.2869339513,,260395.6943096,00E5E3,FAST,226920,037668,226920,True
758,0.5020262999751139,5,380,+,45.18683619998046,2163.2847315495683,,260395.8699684,00E5E3,FAST,227300,0377E4,227300,True
1188,0.6780840999854263,5,430,+,45.362893999990774,2442.3797183357588,,260396.0460262,00E5E3,FAST,227730,037992,227730,True
1641,0.8538254000013694,5,453,+,45.53863530000672,2577.6524923788784,,260396.2217675,00E5E3,FAST,228183,037B57,228183,True
2150,1.0299990999919828,5,509,+,45.71480899999733,2889.1940171950737,,260396.3979412,00E5E3,FAST,228692,037D54,228692,True
2636,1.205537399975583,5,486,+,45.89034729998093,2768.626562097303,,260396.5734795,00E5E3,FAST,229178,037F3A,229178,True
3090,1.3814386999874841,5,454,+,46.06624859999283,2580.9928634369567,,260396.7493808,00E5E3,FAST,229632,038100,229632,True
3606,1.557493100001011,5,516,+,46.24230300000636,2930.912263257004,,260396.9254352,00E5E3,FAST,230148,038304,230148,True
4138,1.7337100000004284,5,532,+,46.418519900005776,3019.0066900607094,,260397.1016521,00E5E3,FAST,230680,038518,230680,True
4615,1.9091843999922276,5,477,+,46.593994299997576,2718.3452402304424,,260397.2771265,00E5E3,FAST,231157,0386F5,231157,True
5100,2.0852374999958556,5,485,+,46.770047400001204,2754.8506671567,,260397.4531796,00E5E3,FAST,231642,0388DA,231642,True
5393,2.2612301999761257,5,293,+,46.946040099981474,1664.8417805559386,,260397.6291723,0072F1,MEDIUM,231935,0389FF,231935,True
5400,2.4370605000003707,5,7,+,47.12187040000572,39.81111332366937,,260397.8050026,0072F1,MEDIUM,231942,038A06,231942,True
5400,2.6130506999907084,5,0,+,47.297860599996056,0.0,,260397.9809928,0072F1,MEDIUM,231942,038A06,231942,True
5400,2.7891101999848615,5,0,+,47.47392009999021,0.0,,260398.1570523,0072F1,MEDIUM,231942,038A06,231942,True
5400,2.964741599978879,5,0,+,47.64955149998423,0.0,,260398.3326837,0072F1,MEDIUM,231942,038A06,231942,True
5400,3.1406126999936532,5,0,+,47.825422599999,0.0,,260398.5085548,0072F1,MEDIUM,231942,038A06,231942,True
5400,3.3169302999740466,5,0,+,48.001740199979395,0.0,,260398.6848724,0072F1,MEDIUM,231942,038A06,231942,True
5400,3.492712199978996,5,0,+,48.177522099984344,0.0,,260398.8606543,0072F1,MEDIUM,231942,038A06,231942,True
5400,3.668533699994441,5,0,+,48.35334359999979,0.0,,260399.0364758,0072F1,MEDIUM,231942,038A06,231942,True
5400,3.844275099982042,5,0,+,48.52908499998739,0.0,,260399.2122172,0072F1,MEDIUM,231942,038A06,231942,True
5427,4.020443499990506,5,27,+,48.705253399995854,153.26244660621742,,260399.3883856,0072F1,MEDIUM_RESEND,231969,038A21,231969,True
5443,4.196019299997715,5,16,+,48.88082920000306,91.1287318602167,,260399.5639614,0072F1,MEDIUM_RESEND,231985,038A31,231985,True
5474,4.3719350999745075,5,31,+,49.056744999979855,176.22066922976614,,260399.7398772,0072F1,MEDIUM_RESEND,232016,038A50,232016,True
5513,4.548175799980527,5,39,+,49.232985699985875,221.28827222467905,,260399.9161179,0072F1,MEDIUM_RESEND,232055,038A77,232055,True
5551,4.72411949999514,5,38,+,49.40892940000049,215.97817936557993,,260400.0920616,0072F1,MEDIUM_RESEND,232093,038A9D,232093,True
5587,4.899661699979333,5,36,+,49.58447159998468,205.0788927291655,,260400.2676038,0072F1,MEDIUM_RESEND,232129,038AC1,232129,True
5628,5.075567199994111,5,41,+,49.76037709999946,233.0796933384999,,260400.4435093,0072F1,MEDIUM_RESEND,232170,038AEA,232170,True
5690,5.251541099976748,5,62,+,49.936350999982096,352.3249754998752,,260400.6194832,0072F1,MEDIUM_RESEND,232232,038B28,232232,True
5766,5.427441599982558,5,76,+,50.112251499987906,432.06244437900915,,260400.7953837,0072F1,MEDIUM_RESEND,232308,038B74,232308,True
5849,5.603745299973525,5,83,+,50.28855519997887,470.77854863087055,,260400.9716874,0072F1,MEDIUM_RESEND,232391,038BC7,232391,True
5955,5.779660799977137,5,106,+,50.464470699982485,602.5620255055624,,260401.1476029,0072F1,MEDIUM_RESEND,232497,038C31,232497,True
6076,5.955106999987038,5,121,+,50.639916899992386,689.6701096585251,,260401.3230491,0072F1,MEDIUM_RESEND,232618,038CAA,232618,True
