cumulative_progress,cycle,cycle_elapsed_s,delta_counts,direction,elapsed_s,instant_cps,invalid_reason,monotonic_s,payload_hex,phase,raw_position,rx_bytes_hex,unwrapped_position,valid
144,1,0.15063299998291768,144,+,0.9977582999854349,955.9626511545604,,212098.9099988,00E5E3,FAST,2819,000B03,2819,True
513,1,0.3260881999740377,369,+,1.1732134999765549,2103.1009626313466,,212099.085454,00E5E3,FAST,3188,000C74,3188,True
969,1,0.5023145999875851,456,+,1.3494398999901023,2587.580521221253,,212099.2616804,00E5E3,FAST,3644,000E3C,3644,True
1403,1,0.6782276000012644,434,+,1.5253529000037815,2467.1286372596196,,212099.4375934,00E5E3,FAST,4078,000FEE,4078,True
1750,1,0.8540779999748338,347,+,1.701203299977351,1973.2681873464865,,212099.6134438,00E5E3,FAST,4425,001149,4425,True
2138,1,1.0296823999960907,388,+,1.8768076999986079,2209.5118342879373,,212099.7890482,00E5E3,FAST,4813,0012CD,4813,True
2574,1,1.2055117999843787,436,+,2.052637099986896,2479.676322782435,,212099.9648776,00E5E3,FAST,5249,001481,5249,True
3030,1,1.3813917999796104,456,+,2.2285170999821275,2592.6768251783196,,212100.1407576,00E5E3,FAST,5705,001649,5705,True
3526,1,1.5574393999995664,496,+,2.4045647000020836,2817.4198338618394,,212100.3168052,00E5E3,FAST,6201,001839,6201,True
4007,1,1.7336127999878954,481,+,2.5807380999904126,2730.264614475652,,212100.4929786,00E5E3,FAST,6682,001A1A,6682,True
4487,1,1.90951969998423,480,+,2.7566449999867473,2728.716156159887,,212100.6688855,00E5E3,FAST,7162,001BFA,7162,True
4982,1,2.085186899988912,495,+,2.9323121999914292,2817.8282569928083,,212100.8445527,00E5E3,FAST,7657,001DE9,7657,True
5402,1,2.2614133000024594,420,+,3.1085386000049766,2383.2978484932596,,212101.0207791,0072F1,MEDIUM,8077,001F8D,8077,True
5647,1,2.4368323999806307,245,+,3.283957699983148,1396.6552104673162,,212101.1961982,0072F1,MEDIUM,8322,002082,8322,True
5782,1,2.6128234999778215,135,+,3.4599487999803387,767.0842446132499,,212101.3721893,0072F1,MEDIUM,8457,002109,8457,True
5843,1,2.788641799998004,61,+,3.635767100000521,346.9490945652284,,212101.5480076,0072F1,MEDIUM,8518,002146,8518,True
5893,1,2.964749299979303,50,+,3.81187459998182,283.9174936065161,,212101.7241151,0072F1,MEDIUM,8568,002178,8568,True
5924,1,3.14047089999076,31,+,3.987596199993277,176.41542074496732,,212101.8998367,0072F1,MEDIUM,8599,002197,8599,True
5958,1,3.316843799984781,34,+,4.163969099987298,192.7733795903596,,212102.0762096,0072F1,MEDIUM,8633,0021B9,8633,True
6004,1,3.492292999988422,46,+,4.339418299990939,262.1841535843165,,212102.2516588,0072F1,MEDIUM,8679,0021E7,8679,True
6073,1,3.6683058999769855,69,+,4.515431199979503,392.0167215271336,,212102.4276717,0072F1,MEDIUM,8748,00222C,8748,True
6152,1,3.844079899979988,79,+,4.691205199982505,449.44075914896695,,212102.6034457,0072F1,MEDIUM,8827,00227B,8827,True
6266,1,4.020141499990132,114,+,4.867266799992649,647.5006474633425,,212102.7795073,0072F1,MEDIUM,8941,0022ED,8941,True
6368,1,4.196005999983754,102,+,5.043131299986271,579.9919824848051,,212102.9553718,0072F1,MEDIUM,9043,002353,9043,True
6500,1,4.371776599989971,132,+,5.218901899992488,750.9788326109774,,212103.1311424,0072F1,MEDIUM,9175,0023D7,9175,True
6639,1,4.547716899978695,139,+,5.394842199981213,790.0407127241926,,212103.3070827,0072F1,MEDIUM,9314,002462,9314,True
6797,1,4.723598299984587,158,+,5.5707235999871045,898.332626387481,,212103.4829641,0072F1,MEDIUM,9472,002500,9472,True
6961,1,4.899492600001395,164,+,5.746617900003912,932.3781383724723,,212103.6588584,0072F1,MEDIUM,9636,0025A4,9636,True
7133,1,5.075674599997001,172,+,5.922799899999518,976.2631824152846,,212103.8350404,0072F1,MEDIUM,9808,002650,9808,True
7299,1,5.251318800001172,166,+,6.0984441000036895,945.0924083804503,,212104.0106846,0072F1,MEDIUM,9974,0026F6,9974,True
7460,1,5.427542899997206,161,+,6.274668199999724,913.6094325556114,,212104.1869087,0072F1,MEDIUM,10135,002797,10135,True
7658,1,5.603152800002135,198,+,6.4502781000046525,1127.4990760454998,,212104.3625186,0072F1,MEDIUM,10333,00285D,10333,True
7863,1,5.77907619997859,205,+,6.626201499981107,1165.2798890166794,,212104.538442,0072F1,MEDIUM,10538,00292A,10538,True
8120,1,5.954991999984486,257,+,6.802117299987003,1460.926193050234,,212104.7143578,0072F1,MEDIUM,10795,002A2B,10795,True
8388,1,6.131032499979483,268,+,6.978157799982,1522.3769530739605,,212104.8903983,0072F1,MEDIUM,11063,002B37,11063,True
8680,1,6.306753499986371,292,+,7.153878799988888,1661.7251210074717,,212105.0661193,0072F1,MEDIUM,11355,002C5B,11355,True
9000,1,6.482668899989221,320,+,7.329794199991738,1819.0562053965446,,212105.2420347,0072F1,MEDIUM,11675,002D9B,11675,True
9293,1,6.658586799982004,293,+,7.505712099984521,1665.5496684079385,,212105.4179526,0072F1,MEDIUM,11968,002EC0,11968,True
9564,1,6.834482599981129,271,+,7.681607899983646,1540.6848827621104,,212105.5938484,0072F1,MEDIUM,12239,002FCF,12239,True
9871,1,7.010444199986523,307,+,7.85756949998904,1744.6988433305298,,212105.76981,0072F1,MEDIUM,12546,003102,12546,True
10208,1,7.18630089997896,337,+,8.033426199981477,1916.33301440601,,212105.9456667,0072F1,MEDIUM,12883,003253,12883,True
10578,1,7.362221699993825,370,+,8.209346999996342,2103.219175724169,,212106.1215875,0072F1,MEDIUM,13253,0033C5,13253,True
10900,1,7.5381281999871135,322,+,8.38525349998963,1830.5179172587984,,212106.297494,0072F1,MEDIUM,13575,003507,13575,True
11276,1,7.7144160000025295,376,+,8.561541300005047,2132.8758993368774,,212106.4737818,0072F1,MEDIUM,13951,00367F,13951,True
11655,1,7.8904291999933776,379,+,8.737554499995895,2153.24759745125,,212106.649795,0072F1,MEDIUM,14330,0037FA,14330,True
12055,1,8.065848999976879,400,+,8.912974299979396,2280.244305589339,,212106.8252148,0072F1,MEDIUM,14730,00398A,14730,True
12466,1,8.241752899979474,411,+,9.088878199981991,2336.5030564639937,,212107.0011187,0072F1,MEDIUM,15141,003B25,15141,True
12864,1,8.417711099988082,398,+,9.2648363999906,2261.9008377019577,,212107.1770769,0072F1,MEDIUM,15539,003CB3,15539,True
13273,1,8.593587399984244,409,+,9.440712699986761,2325.4980916071445,,212107.3529532,0072F1,MEDIUM,15948,003E4C,15948,True
13674,1,8.769487499987008,401,+,9.616612799989525,2279.703081429171,,212107.5288533,0072F1,MEDIUM,16349,003FDD,16349,True
14078,1,8.945448599988595,404,+,9.792573899991112,2295.9620052179557,,212107.7048144,0072F1,MEDIUM,16753,004171,16753,True
14482,1,9.121884499996668,404,+,9.969009799999185,2289.783428324476,,212107.8812503,0072F1,MEDIUM,17157,004305,17157,True
14886,1,9.297196200001054,404,+,10.14432150000357,2304.4668438552194,,212108.056562,0072F1,MEDIUM,17561,004499,17561,True
15278,1,9.473123299976578,392,+,10.320248599979095,2228.1956563516155,,212108.2324891,0072F1,MEDIUM,17953,004621,17953,True
15706,1,9.649013999995077,428,+,10.496139299997594,2433.3293343820096,,212108.4083798,0072F1,MEDIUM,18381,0047CD,18381,True
16195,1,9.82523059999221,489,+,10.672355899994727,2774.9939563466546,,212108.5845964,0072F1,MEDIUM,18870,0049B6,18870,True
16680,1,10.00082570000086,485,+,10.847951000003377,2762.0360703465476,,212108.7601915,0072F1,MEDIUM,19355,004B9B,19355,True
17162,1,10.177141899999697,482,+,11.024267200002214,2733.7249782106205,,212108.9365077,0072F1,MEDIUM,19837,004D7D,19837,True
79,2,0.15035740000894293,79,+,11.56789179999032,525.4126816857156,,212109.4801323,00E5E3,FAST,20202,004EEA,20202,True
251,2,0.32601300001260825,172,+,11.743547399993986,979.1888217421532,,212109.6557879,00E5E3,FAST,20374,004F96,20374,True
552,2,0.5019016000151169,301,+,11.919435999996495,1711.3104544336984,,212109.8316765,00E5E3,FAST,20675,0050C3,20675,True
921,2,0.6781520000076853,369,+,12.095686399989063,2093.612269904402,,212110.0079269,00E5E3,FAST,21044,005234,21044,True
1348,2,0.853697300015483,427,+,12.27123169999686,2432.4205773725216,,212110.1834722,00E5E3,FAST,21471,0053DF,21471,True
1820,2,1.0296156000113115,472,+,12.44714999999269,2683.0636722341715,,212110.3593905,00E5E3,FAST,21943,0055B7,21943,True
2305,2,1.2059655000048224,485,+,12.6234998999862,2750.214204929214,,212110.5357404,00E5E3,FAST,22428,00579C,22428,True
2786,2,1.3814060000004247,481,+,12.798940399981802,2741.6702529464806,,212110.7111809,00E5E3,FAST,22909,00597D,22909,True
3272,2,1.5573352000210434,486,+,12.974869600002421,2762.474904353804,,212110.8871101,00E5E3,FAST,23395,005B63,23395,True
3759,2,1.7332210000022314,487,+,13.150755399983609,2768.8420557662266,,212111.0629959,00E5E3,FAST,23882,005D4A,23882,True
4235,2,1.9094532000017352,476,+,13.326987599983113,2700.981999891849,,212111.2392281,00E5E3,FAST,24358,005F26,24358,True
4737,2,2.085109100007685,502,+,13.502643499989063,2857.8601685624944,,212111.414884,00E5E3,FAST,24860,00611C,24860,True
5076,2,2.2611497000034433,339,+,13.678684099984821,1925.6921415183092,,212111.5909246,0072F1,MEDIUM,25199,00626F,25199,True
5248,2,2.4368547000049148,172,+,13.854389099986292,978.9135198119549,,212111.7666296,0072F1,MEDIUM,25371,00631B,25371,True
5312,2,2.612713700014865,64,+,14.030248099996243,363.92791950584746,,212111.9424886,0072F1,MEDIUM,25435,00635B,25435,True
5356,2,2.788728400017135,44,+,14.206262799998512,249.97912105882403,,212112.1185033,0072F1,MEDIUM,25479,006387,25479,True
5377,2,2.9645903000200633,21,+,14.382124700001441,119.41187943295454,,212112.2943652,0072F1,MEDIUM,25500,00639C,25500,True
5408,2,3.140934199996991,31,+,14.558468599978369,175.79286838986735,,212112.4707091,0072F1,MEDIUM,25531,0063BB,25531,True
5454,2,3.3165709000022616,46,+,14.73410529998364,261.90426032042063,,212112.6463458,0072F1,MEDIUM,25577,0063E9,25577,True
5500,2,3.492639900010545,46,+,14.910174299991922,261.261210081479,,212112.8224148,0072F1,MEDIUM,25623,006417,25623,True
5542,2,3.668145400006324,42,+,15.085679799987702,239.30873961790408,,212112.9979203,0072F1,MEDIUM,25665,006441,25665,True
5616,2,3.8440631999983452,74,+,15.261597599979723,420.651008615139,,212113.1738381,0072F1,MEDIUM,25739,00648B,25739,True
5691,2,4.020000700023957,75,+,15.437535100005334,426.2877441652984,,212113.3497756,0072F1,MEDIUM,25814,0064D6,25814,True
5791,2,4.195889000024181,100,+,15.613423400005559,568.5426489418142,,212113.5256639,0072F1,MEDIUM,25914,00653A,25914,True
5924,2,4.371771000005538,133,+,15.789305399986915,756.1888084857904,,212113.7015459,0072F1,MEDIUM,26047,0065BF,26047,True
6056,2,4.547698700014735,132,+,15.965233099996112,750.3082231683778,,212113.8774736,0072F1,MEDIUM,26179,006643,26179,True
6165,2,4.7240488000097685,109,+,16.141583199991146,618.0886770297808,,212114.0538237,0072F1,MEDIUM,26288,0066B0,26288,True
6286,2,4.899636500020279,121,+,16.317170900001656,689.114328581998,,212114.2294114,0072F1,MEDIUM,26409,006729,26409,True
6441,2,5.075408600008814,155,+,16.49294299999019,881.8236796972334,,212114.4051835,0072F1,MEDIUM,26564,0067C4,26564,True
6649,2,5.251392100006342,208,+,16.66892649998772,1181.9289876773755,,212114.581167,0072F1,MEDIUM,26772,006894,26772,True
6881,2,5.4273976999975275,232,+,16.844932099978905,1318.1398774335512,,212114.7571726,0072F1,MEDIUM,27004,00697C,27004,True
7075,2,5.603089000011096,194,+,17.020623399992473,1104.20948552955,,212114.9328639,0072F1,MEDIUM,27198,006A3E,27198,True
7283,2,5.779019700014032,208,+,17.19655409999541,1182.2837060076954,,212115.1087946,0072F1,MEDIUM,27406,006B0E,27406,True
7511,2,5.955297000007704,228,+,17.37283139998908,1293.41667933526,,212115.2850719,0072F1,MEDIUM,27634,006BF2,27634,True
7770,2,6.131017500010785,259,+,17.548551899992162,1473.9316129618292,,212115.4607924,0072F1,MEDIUM,27893,006CF5,27893,True
7996,2,6.30675849999534,226,+,17.724292899976717,1285.9833506117643,,212115.6365334,0072F1,MEDIUM,28119,006DD7,28119,True
8271,2,6.482705300004454,275,+,17.900239699985832,1562.9724438623152,,212115.8124802,0072F1,MEDIUM,28394,006EEA,28394,True
8579,2,6.658593500003917,308,+,18.076127899985295,1751.112354330425,,212115.9883684,0072F1,MEDIUM,28702,00701E,28702,True
8579,2,6.834544800018193,262493,+,18.25207919999957,,implausible-jump,212116.1643197,0072F1,MEDIUM,291195,04717B,28702,False
9264,2,7.010428300010972,685,+,18.42796269999235,1946.9364599131898,,212116.3402032,0072F1,MEDIUM,29387,0072CB,29387,True
9642,2,7.186330600001384,378,+,18.60386499998276,2148.9201677329074,,212116.5161055,0072F1,MEDIUM,29765,007445,29765,True
10000,2,7.362567600008333,358,+,18.78010199998971,2031.3555041556713,,212116.6923425,0072F1,MEDIUM,30123,0075AB,30123,True
10363,2,7.538442999997642,363,+,18.95597739997902,2063.9611908320676,,212116.8682179,0072F1,MEDIUM,30486,007716,30486,True
10740,2,7.714030000002822,377,+,19.1315643999842,2147.0837817656093,,212117.0438049,0072F1,MEDIUM,30863,00788F,30863,True
11157,2,7.889927100011846,417,+,19.307461499993224,2370.7042354797572,,212117.219702,0072F1,MEDIUM,31280,007A30,31280,True
11552,2,8.065974400000414,395,+,19.48350879998179,2243.7151835083555,,212117.3957493,0072F1,MEDIUM,31675,007BBB,31675,True
11962,2,8.241763600002741,410,+,19.65929799998412,2332.3389604968415,,212117.5715385,0072F1,MEDIUM,32085,007D55,32085,True
12367,2,8.417856500018388,405,+,19.835390899999766,2299.9223703171115,,212117.7476314,0072F1,MEDIUM,32490,007EEA,32490,True
12762,2,8.593644100008532,395,+,20.01117849998991,2247.0299385289172,,212117.923419,0072F1,MEDIUM,32885,008075,32885,True
13186,2,8.769470900006127,424,+,20.187005299987504,2411.4640089326626,,212118.0992458,0072F1,MEDIUM,33309,00821D,33309,True
13552,2,8.945407400024123,366,+,20.3629418000055,2080.2960156793,,212118.2751823,0072F1,MEDIUM,33675,00838B,33675,True
13982,2,9.12169250001898,430,+,20.539226900000358,2439.2305419604113,,212118.4514674,0072F1,MEDIUM,34105,008539,34105,True
14437,2,9.29723730002297,455,+,20.71477170000435,2591.930948621986,,212118.6270122,0072F1,MEDIUM,34560,008700,34560,True
14898,2,9.473453300015535,461,+,20.890987699996913,2616.107504536776,,212118.8032282,0072F1,MEDIUM,35021,0088CD,35021,True
15315,2,9.649016000010306,417,+,21.066550399991684,2375.219793341185,,212118.9787909,0072F1,MEDIUM,35438,008A6E,35438,True
15755,2,9.824939900019672,440,+,21.24247430000105,2501.081433373041,,212119.1547148,0072F1,MEDIUM,35878,008C26,35878,True
16253,2,10.00083220002125,498,+,21.418366600002628,2831.278003616594,,212119.3306071,0072F1,MEDIUM,36376,008E18,36376,True
16253,2,10.176733100001002,,+,21.59426749998238,,malformed-outside-modulus,212119.506508,0072F1,MEDIUM,8425467,808FFB,36376,False
101,3,0.15014269997482188,101,+,22.138069099979475,672.690689586973,,212120.0503096,00E5E3,FAST,37215,00915F,37215,True
333,3,0.32646029998431914,232,+,22.314386699988972,1315.807383877182,,212120.2266272,00E5E3,FAST,37447,009247,37447,True
673,3,0.5018642999930307,340,+,22.489790699997684,1938.3822488832272,,212120.4020312,00E5E3,FAST,37787,00939B,37787,True
1085,3,0.6777717999939341,412,+,22.665698199998587,2342.140045182179,,212120.5779387,00E5E3,FAST,38199,009537,38199,True
1537,3,0.8537672999955248,452,+,22.841693700000178,2568.2474835772205,,212120.7539342,00E5E3,FAST,38651,0096FB,38651,True
2037,3,1.0296051999903284,500,+,23.01753159999498,2843.5280449480806,,212120.9297721,00E5E3,FAST,39151,0098EF,39151,True
2506,3,1.2055487999750767,469,+,23.19347519997973,2665.6269397730603,,212121.1057157,00E5E3,FAST,39620,009AC4,39620,True
2997,3,1.38180229999125,491,+,23.369728699995903,2785.7602825189,,212121.2819692,00E5E3,FAST,40111,009CAF,40111,True
3485,3,1.5577790999959689,488,+,23.545705500000622,2773.0928167060333,,212121.457946,00E5E3,FAST,40599,009E97,40599,True
3968,3,1.7332110999850556,483,+,23.72113749998971,2753.2035206236396,,212121.633378,00E5E3,FAST,41082,00A07A,41082,True
4471,3,1.9091356999997515,503,+,23.897062100004405,2859.1794436820196,,212121.8093026,00E5E3,FAST,41585,00A271,41585,True
4966,3,2.0850309999950696,495,+,24.072957399999723,2814.174113880108,,212121.9851979,00E5E3,FAST,42080,00A460,42080,True
5389,3,2.2612393999879714,423,+,24.249165799992625,2400.566601915911,,212122.1614063,0072F1,MEDIUM,42503,00A607,42503,True
5576,3,2.4373307999921963,187,+,24.42525719999685,1061.9485108046924,,212122.3374977,0072F1,MEDIUM,42690,00A6C2,42690,True
5655,3,2.612785499979509,79,+,24.600711899984162,450.2586707891697,,212122.5129524,0072F1,MEDIUM,42769,00A711,42769,True
5694,3,2.7890938999771606,39,+,24.777020299981814,221.20330058306627,,212122.6892608,0072F1,MEDIUM,42808,00A738,42808,True
5728,3,2.9647458999825176,34,+,24.95267229998717,193.56454807780773,,212122.8649128,0072F1,MEDIUM,42842,00A75A,42842,True
5739,3,3.1405071999761276,11,+,25.12843359998078,62.58488074678508,,212123.0406741,0072F1,MEDIUM,42853,00A765,42853,True
5763,3,3.3168685999989975,24,+,25.30479500000365,136.08419981292826,,212123.2170355,0072F1,MEDIUM,42877,00A77D,42877,True
5803,3,3.4923290999722667,40,+,25.48025549997692,227.9715377882422,,212123.392496,0072F1,MEDIUM,42917,00A7A5,42917,True
5848,3,3.668349699990358,45,+,25.65627609999501,255.65189526325256,,212123.5685166,0072F1,MEDIUM,42962,00A7D2,42962,True
5912,3,3.8446132999961264,64,+,25.83253970000078,363.0925500097899,,212123.7447802,0072F1,MEDIUM,43026,00A812,43026,True
5963,3,4.020044999982929,51,+,26.007971399987582,290.7114278880994,,212123.9202119,0072F1,MEDIUM,43077,00A845,43077,True
6037,3,4.196012099971995,74,+,26.183938499976648,420.53315650822316,,212124.096179,0072F1,MEDIUM,43151,00A88F,43151,True
6126,3,4.372260399977677,89,+,26.36018679998233,504.96940961774305,,212124.2724273,0072F1,MEDIUM,43240,00A8E8,43240,True
6126,3,4.547919799981173,16513,+,26.535846199985826,,implausible-jump,212124.4480867,0072F1,MEDIUM,59753,00E969,43240,False
6392,3,4.724184399994556,266,+,26.71211079999921,755.8450119549728,,212124.6243513,0072F1,MEDIUM,43506,00A9F2,43506,True
6547,3,4.900060899992241,155,+,26.887987299996894,881.3002305711135,,212124.8002278,0072F1,MEDIUM,43661,00AA8D,43661,True
6718,3,5.075719199987361,171,+,27.063645599992014,973.4809001609943,,212124.9758861,0072F1,MEDIUM,43832,00AB38,43832,True
6933,3,5.251797399978386,215,+,27.23972379998304,1221.0483751592126,,212125.1519643,0072F1,MEDIUM,44047,00AC0F,44047,True
7145,3,5.427336499997182,212,+,27.415262900001835,1207.7081401083885,,212125.3275034,0072F1,MEDIUM,44259,00ACE3,44259,True
7399,3,5.603273699991405,254,+,27.59120009999606,1443.6969555519809,,212125.5034406,0072F1,MEDIUM,44513,00ADE1,44513,True
7624,3,5.779515699978219,225,+,27.767442099982873,1276.6536921779912,,212125.6796826,0072F1,MEDIUM,44738,00AEC2,44738,True
7883,3,5.955072299984749,259,+,27.942998699989403,1475.3076784943783,,212125.8552392,0072F1,MEDIUM,44997,00AFC5,44997,True
7883,3,6.131017399980919,,+,28.118943799985573,,malformed-outside-modulus,212126.0311843,0072F1,MEDIUM,8433831,80B0A7,44997,False
8375,3,6.302938999986509,492,+,28.290865399991162,1414.3348587189046,,212126.2031059,0072F1,MEDIUM,45489,00B1B1,45489,True
8671,3,6.479313399991952,296,+,28.467239799996605,1678.2480903740297,,212126.3794803,0072F1,MEDIUM,45785,00B2D9,45785,True
9005,3,6.654751800000668,334,+,28.64267820000532,1903.8021321638082,,212126.5549187,0072F1,MEDIUM,46119,00B427,46119,True
9304,3,6.830637499981094,299,+,28.818563899985747,1699.9676496342465,,212126.7308044,0072F1,MEDIUM,46418,00B552,46418,True
9641,3,7.006611499993596,337,+,28.99453789999825,1915.0556330824886,,212126.9067784,0072F1,MEDIUM,46755,00B6A3,46755,True
10002,3,7.1828957999823615,361,+,29.170822199987015,2047.8284227410313,,212127.0830627,0072F1,MEDIUM,47116,00B80C,47116,True
10365,3,7.358361999999033,363,+,29.346288400003687,2068.774498823761,,212127.2585289,0072F1,MEDIUM,47479,00B977,47479,True
10720,3,7.534538499981863,355,+,29.522464899986517,2015.0247055344935,,212127.4347054,0072F1,MEDIUM,47834,00BADA,47834,True
11047,3,7.710236099985195,327,+,29.69816249998985,1861.152343536843,,212127.610403,0072F1,MEDIUM,48161,00BC21,48161,True
11368,3,7.886152699997183,321,+,29.874079100001836,1824.7283086310551,,212127.7863196,0072F1,MEDIUM,48482,00BD62,48482,True
11711,3,8.062073099979898,343,+,30.04999949998455,1949.7454532487495,,212127.96224,0072F1,MEDIUM,48825,00BEB9,48825,True
12053,3,8.23835409997264,342,+,30.226280499977292,1940.0842973098777,,212128.138521,0072F1,MEDIUM,49167,00C00F,49167,True
12432,3,8.41433099997812,379,+,30.402257399982773,2153.6917628859082,,212128.3144979,0072F1,MEDIUM,49546,00C18A,49546,True
12836,3,8.589762199990219,404,+,30.57768859999487,2302.897089982496,,212128.4899291,0072F1,MEDIUM,49950,00C31E,49950,True
13262,3,8.766164199972991,426,+,30.754090599977644,2414.938606374098,,212128.6663311,0072F1,MEDIUM,50376,00C4C8,50376,True
13669,3,8.941559599974426,407,+,30.92948599997908,2320.4713464359443,,212128.8417265,0072F1,MEDIUM,50783,00C65F,50783,True
14101,3,9.117484999995213,432,+,31.105411399999866,2455.586287988855,,212129.0176519,0072F1,MEDIUM,51215,00C80F,51215,True
14557,3,9.293598699994618,456,+,31.28152509999927,2589.2363853666147,,212129.1937656,0072F1,MEDIUM,51671,00C9D7,51671,True
15045,3,9.469295299990335,488,+,31.45722169999499,2777.515330472502,,212129.3694622,0072F1,MEDIUM,52159,00CBBF,52159,True
15526,3,9.645312199980253,481,+,31.633238599984907,2732.692145058522,,212129.5454791,0072F1,MEDIUM,52640,00CDA0,52640,True
16006,3,9.821117299987236,480,+,31.80904369999189,2730.296219967084,,212129.7212842,0072F1,MEDIUM,53120,00CF80,53120,True
16497,3,9.997068599972408,491,+,31.98499499997706,2790.544883961514,,212129.8972355,0072F1,MEDIUM,53611,00D16B,53611,True
16975,3,10.172924799990142,478,+,32.160851199994795,2718.1299263363935,,212130.0730917,0072F1,MEDIUM,54089,00D349,54089,True
