timestamp,elapsed_s,rx_bytes_hex,reply_kind,raw_position,unwrapped_position,delta_counts,instant_cps,window_slope_cps,commanded_payload,motion_state,valid_position,load_context,note
196595.7190908,0.0,00D25D,valid-start,53853,53853,0,,,0072F1,waiting-for-breakaway,True,free-az-no-tripod-no-cable-wrap,start
196595.895006,0.17591520000132732,00D2EA,valid,53994,53994,141,801.5193623468027,,0072F1,moving-transient,True,free-az-no-tripod-no-cable-wrap,
196596.070919,0.35182819998590276,00D47B,valid,54395,54395,401,2279.535907153882,1540.523068018312,0072F1,moving-transient,True,free-az-no-tripod-no-cable-wrap,
196596.246841,0.527750199980801,00D69D,valid,54941,54941,546,3103.6482078184317,2083.3804741855633,0072F1,moving-transient,True,free-az-no-tripod-no-cable-wrap,
196596.4227471,0.7036563000001479,00D8F5,valid,55541,55541,600,3410.9107070988975,2457.438797337091,0072F1,moving-transient,True,free-az-no-tripod-no-cable-wrap,
196596.5986729,0.8795820999948774,00DB41,valid,56129,56129,588,3342.3181819699885,2690.7352891462506,0072F1,moving-transient,True,free-az-no-tripod-no-cable-wrap,
196596.7745711,1.0554802999831736,01DD9D,implausible-jump,122269,56129,66140,,,0072F1,invalid,False,free-az-no-tripod-no-cable-wrap,rejected-implausible-position-jump
196596.9504386,1.2313477999996394,00DFFE,valid,57342,57342,1213,3448.3180139040815,3362.695204895127,0072F1,moving-transient,True,free-az-no-tripod-no-cable-wrap,
196597.1263661,1.4072753000073135,00E264,valid,57956,57956,614,3490.0740360274363,3425.989133885198,0072F1,moving-transient,True,free-az-no-tripod-no-cable-wrap,
196597.3022859,1.5831950999854598,00E4AC,valid,58540,58540,584,3319.6945430392,3423.569635458517,0072F1,moving-transient,True,free-az-no-tripod-no-cable-wrap,
196597.4781989,1.759108099999139,00E712,valid,59154,59154,614,3490.3617126207523,3435.174704999045,0072F1,moving-transient,True,free-az-no-tripod-no-cable-wrap,
196597.6541599,1.9350690999999642,00E95E,valid,59742,59742,588,3341.649570059517,3409.3576647555874,0072F1,moving-transient,True,free-az-no-tripod-no-cable-wrap,
196597.8300163,2.110925499990117,00EBC2,valid,60354,60354,612,3480.1121826346393,3415.8471575127255,0072F1,moving-transient,True,free-az-no-tripod-no-cable-wrap,
196598.005932,2.2868411999952514,00EE28,valid,60968,60968,614,3490.30814180928,3425.3784419528747,0072F1,moving-transient,True,free-az-no-tripod-no-cable-wrap,
196598.1818215,2.462730700004613,00F095,valid,61589,61589,621,3530.6257620093725,3459.462812189546,0072F1,moving-transient,True,free-az-no-tripod-no-cable-wrap,
196598.3577293,2.6386385000078008,00F31D,valid,62237,62237,648,3683.7479633549915,3503.5829354848174,0072F1,moving-transient,True,free-az-no-tripod-no-cable-wrap,
196598.5336649,2.8145740999898408,00F55F,valid,62815,62815,578,3285.293028011408,3514.140784307061,0072F1,moving-transient,True,free-az-no-tripod-no-cable-wrap,
196598.7095651,2.990474299993366,00F7CA,valid,63434,63434,619,3519.0409106276998,3506.4995409885964,0072F1,moving-transient,True,free-az-no-tripod-no-cable-wrap,
196598.8854847,3.1663938999990933,00FA3A,valid,64058,64058,624,3547.0749136519466,3502.2314952690426,0072F1,moving-transient,True,free-az-no-tripod-no-cable-wrap,
196599.0613793,3.342288499989081,00FCB3,valid,64691,64691,633,3598.7460674519343,3506.927077872985,0072F1,moving-transient,True,free-az-no-tripod-no-cable-wrap,
196599.2372922,3.518201400001999,00FF1C,valid,65308,65308,617,3507.41759106178,3509.4076665100865,0072F1,moving-transient,True,free-az-no-tripod-no-cable-wrap,
196599.4132236,3.694132799981162,010191,valid,65937,65937,629,3575.257174526536,3551.317817714337,0072F1,moving-transient,True,free-az-no-tripod-no-cable-wrap,
196599.5891111,3.8700203000043985,01040E,valid,66574,66574,637,3621.6331457087394,3565.778663906635,0072F1,moving-transient,True,free-az-no-tripod-no-cable-wrap,
196599.765022,4.045931200002087,010691,valid,67217,67217,643,3655.259566112435,3585.133579443526,0072F1,moving-transient,True,free-az-no-tripod-no-cable-wrap,
196599.9409237,4.22183289998793,0108FC,valid,67836,67836,619,3519.01090239502,3587.740700523362,0072F1,moving-transient,True,free-az-no-tripod-no-cable-wrap,
196600.116864,4.3977732000057586,010B7D,valid,68477,68477,641,3643.2812717441493,3603.291794316295,0072F1,moving-transient,True,free-az-no-tripod-no-cable-wrap,
196600.292737,4.573646200005896,010DFA,valid,69114,69114,637,3621.9317348285454,3607.923201454706,0072F1,moving-transient,True,free-az-no-tripod-no-cable-wrap,
196600.4686686,4.749577799986582,011081,valid,69761,69761,647,3677.565599761663,3616.6088867495705,0072F1,moving-transient,True,free-az-no-tripod-no-cable-wrap,
196600.6445584,4.925467599998228,0112EC,valid,70380,70380,619,3519.2489840742032,3610.1609657034014,0072F1,moving-transient,True,free-az-no-tripod-no-cable-wrap,
196600.8204656,5.101374799996847,011577,valid,71031,71031,651,3700.8149751977785,3627.091459858854,0072F1,moving-transient,True,free-az-no-tripod-no-cable-wrap,
196600.996393,5.27730220000376,0117E5,valid,71653,71653,622,3535.549323047803,3613.936899015275,0072F1,moving-transient,True,free-az-no-tripod-no-cable-wrap,
196601.1722834,5.453192599990871,011A6E,valid,72302,72302,649,3689.7977379524878,3616.644247850613,0072F1,moving-transient,True,free-az-no-tripod-no-cable-wrap,
196601.3482016,5.629110799985938,011D03,valid,72963,72963,661,3757.4281684245034,3637.9482402824333,0072F1,moving-transient,True,free-az-no-tripod-no-cable-wrap,
196601.5241246,5.8050337999884505,011F9A,valid,73626,73626,663,3768.694258229625,3682.842359814638,0072F1,moving-transient,True,free-az-no-tripod-no-cable-wrap,
196601.7000331,5.980942299996968,01223D,valid,74301,74301,675,3837.2221920334437,3724.246356447091,0072F1,moving-transient,True,free-az-no-tripod-no-cable-wrap,
196601.8759361,6.15684529999271,01249D,valid,74909,74909,608,3456.4504301502398,3725.909119114511,0072F1,moving-transient,True,free-az-no-tripod-no-cable-wrap,
196602.051861,6.332770200009691,012727,valid,75559,75559,650,3694.758388023879,3702.777848559221,0072F1,moving-transient,True,free-az-no-tripod-no-cable-wrap,
196602.2277558,6.508665000001201,0129B8,valid,76216,76216,657,3735.187168874286,3682.3829582161975,0072F1,moving-transient,True,free-az-no-tripod-no-cable-wrap,
196602.403645,6.684554200008279,012C53,valid,76883,76883,667,3792.1600642515955,3683.7939654853076,0072F1,moving-transient,True,free-az-no-tripod-no-cable-wrap,
196602.579561,6.860470199986594,012EDC,valid,77532,77532,649,3689.260784010558,3692.5852764306537,0072F1,moving-transient,True,free-az-no-tripod-no-cable-wrap,
196602.7554673,7.036376500007464,013178,valid,78200,78200,668,3797.476269586407,3742.460007717636,0072F1,moving-transient,True,free-az-no-tripod-no-cable-wrap,
196602.9314009,7.2123101000033785,013416,valid,78870,78870,670,3808.254932631159,3761.075553529294,0072F1,moving-transient,True,free-az-no-tripod-no-cable-wrap,
196603.107269,7.388178199995309,0136B9,valid,79545,79545,675,3838.103669914959,3780.2470220777595,0072F1,moving-transient,True,free-az-no-tripod-no-cable-wrap,
196603.2832106,7.564119799993932,013945,valid,80197,80197,652,3705.7750981297336,3780.9695178004113,0072F1,moving-transient,True,free-az-no-tripod-no-cable-wrap,
196603.4590876,7.739996799995424,013BEE,valid,80878,80878,681,3872.024198696947,3800.06800149475,0072F1,moving-transient,True,free-az-no-tripod-no-cable-wrap,
196603.6350168,7.915925999986939,013E90,valid,81552,81552,674,3831.0865963836995,3806.5538093903565,0072F1,moving-transient,True,free-az-no-tripod-no-cable-wrap,
196603.810901,8.091810199985048,014135,valid,82229,82229,677,3849.123457407089,3816.541064978647,0072F1,moving-transient,True,free-az-no-tripod-no-cable-wrap,
196603.9868202,8.26772939998773,0143BC,valid,82876,82876,647,3677.8248195202004,3804.7624150435995,0072F1,moving-transient,True,free-az-no-tripod-no-cable-wrap,
196604.162738,8.443647200008854,014667,valid,83559,83559,683,3882.4951194136256,3813.8815635659716,0072F1,moving-transient,True,free-az-no-tripod-no-cable-wrap,
196604.3386339,8.619543100008741,0148F1,valid,84209,84209,650,3695.367544100906,3788.1604577618887,0072F1,moving-transient,True,free-az-no-tripod-no-cable-wrap,
196604.5145279,8.79543709999416,014B9A,valid,84890,84890,681,3871.649971326206,3786.6234414399114,0072F1,moving-transient,True,free-az-no-tripod-no-cable-wrap,
196604.6904339,8.971343099983642,014E59,valid,85593,85593,703,3996.4526510865808,3818.9386047749244,0072F1,moving-transient,True,free-az-no-tripod-no-cable-wrap,
196604.8663418,9.147250999987591,015118,valid,86296,86296,703,3996.409484646326,3879.2583516969894,0072F1,moving-transient,True,free-az-no-tripod-no-cable-wrap,
196605.0422373,9.323146499984432,0153F3,valid,87027,87027,731,4155.8766427403125,3947.6813449151236,0072F1,moving-transient,True,free-az-no-tripod-no-cable-wrap,
196605.2181777,9.499086900003022,015682,valid,87682,87682,655,3722.8516016264243,3975.9569973416374,0072F1,moving-transient,True,free-az-no-tripod-no-cable-wrap,
196605.3940769,9.674986099998932,015943,valid,88387,88387,705,4007.977296180936,3976.530909302647,0072F1,moving-transient,True,free-az-no-tripod-no-cable-wrap,
196605.5700258,9.850934999994934,015C0D,valid,89101,89101,714,4057.996384269676,3973.944533049126,0072F1,moving-transient,True,free-az-no-tripod-no-cable-wrap,
196605.7459112,10.02682040000218,015EE0,valid,89824,89824,723,4110.631126689391,3990.018922278174,0072F1,moving-transient,True,free-az-no-tripod-no-cable-wrap,
196605.9217832,10.202692399994703,0161A1,valid,90529,90529,705,4008.5971617424657,4003.6495625909006,0072F1,moving-transient,True,free-az-no-tripod-no-cable-wrap,
196606.097699,10.378608200000599,01646D,valid,91245,91245,716,4070.12900476252,4054.8283836089495,0072F1,moving-transient,True,free-az-no-tripod-no-cable-wrap,
196606.2735987,10.554507900000317,016746,valid,91974,91974,729,4144.407295755301,4072.443534825548,0072F1,moving-transient,True,free-az-no-tripod-no-cable-wrap,
196606.4495158,10.730424999987008,016A21,valid,92705,92705,731,4155.366363220538,4091.009271413915,0072F1,moving-transient,True,free-az-no-tripod-no-cable-wrap,
196606.625435,10.90634419998969,016CD8,valid,93400,93400,695,3950.677356362503,4082.858367491312,0072F1,moving-transient,True,free-az-no-tripod-no-cable-wrap,
196606.801413,11.082322200003546,016FAC,valid,94124,94124,724,4114.15063214148,4088.0095868011012,0072F1,moving-transient,True,free-az-no-tripod-no-cable-wrap,
196606.9772455,11.258154699986335,017289,valid,94857,94857,733,4168.740136617221,4093.650272996009,0072F1,moving-transient,True,free-az-no-tripod-no-cable-wrap,
196607.1531954,11.43410459998995,017573,valid,95603,95603,746,4239.843273481086,4113.1026166677975,0072F1,moving-transient,True,free-az-no-tripod-no-cable-wrap,
196607.3290714,11.609980599983828,017835,valid,96309,96309,706,4014.1918171016905,4119.285382477854,0072F1,moving-transient,True,free-az-no-tripod-no-cable-wrap,
196607.5049659,11.785875100002158,017B16,valid,97046,97046,737,4190.0116258507,4146.94578834971,0072F1,moving-transient,True,free-az-no-tripod-no-cable-wrap,
196607.680852,11.96176119998563,017DDE,valid,97758,97758,712,4048.07429391467,4132.885510422451,0072F1,steady-state-tail,True,free-az-no-tripod-no-cable-wrap,
196607.8568452,12.137754399998812,0180BC,valid,98492,98492,734,4170.615682566294,4121.743366514178,0072F1,steady-state-tail,True,free-az-no-tripod-no-cable-wrap,
196608.0326853,12.313594499981264,0183A8,valid,99240,99240,748,4253.864733213006,4133.08762714934,0072F1,steady-state-tail,True,free-az-no-tripod-no-cable-wrap,
196608.208613,12.48952219999046,018695,valid,99989,99989,749,4257.430751159962,4176.804203494552,0072F1,steady-state-tail,True,free-az-no-tripod-no-cable-wrap,
196608.3845045,12.665413699985947,01899E,valid,100766,100766,777,4417.496013280556,4229.619222551765,0072F1,steady-state-tail,True,free-az-no-tripod-no-cable-wrap,
196608.5604194,12.84132859998499,018C4F,valid,101455,101455,689,3916.6665245738045,4232.1067215754,0072F1,steady-state-tail,True,free-az-no-tripod-no-cable-wrap,
196608.7363407,13.017249900003662,018F33,valid,102195,102195,740,4206.426395902361,4212.894932263304,0072F1,steady-state-tail,True,free-az-no-tripod-no-cable-wrap,
196608.9122659,13.193175099993823,01922C,valid,102956,102956,761,4325.702059980956,4204.481760535492,0072F1,steady-state-tail,True,free-az-no-tripod-no-cable-wrap,
196609.088159,13.369068200001493,019527,valid,103719,103719,763,4337.862030783064,4216.382610450252,0072F1,steady-state-tail,True,free-az-no-tripod-no-cable-wrap,
196609.2640662,13.544975400000112,01980D,valid,104461,104461,742,4218.133197537253,4227.415195824146,0072F1,steady-state-tail,True,free-az-no-tripod-no-cable-wrap,
196609.4400001,13.720909299998311,019B04,valid,105220,105220,759,4314.120246341205,4285.54727936309,0072F1,steady-state-tail,True,free-az-no-tripod-no-cable-wrap,
196609.6158979,13.896807099983562,019E05,valid,105989,105989,769,4371.856839963222,4304.766653479935,0072F1,steady-state-tail,True,free-az-no-tripod-no-cable-wrap,
196609.7917829,14.072692099987762,01A10D,valid,106765,106765,776,4411.973732731435,4322.744651570802,0072F1,steady-state-tail,True,free-az-no-tripod-no-cable-wrap,
196609.967703,14.248612199997297,01A3E8,valid,107496,107496,731,4155.2955004026335,4314.925629003215,0072F1,steady-state-tail,True,free-az-no-tripod-no-cable-wrap,
196610.1436035,14.424512700003106,01A6E7,valid,108263,108263,767,4360.4196689302635,4322.783741713274,0072F1,steady-state-tail,True,free-az-no-tripod-no-cable-wrap,
196610.3195458,14.60045500000706,01A9E8,valid,109032,109032,769,4370.751092731658,4322.561600956551,0072F1,steady-state-tail,True,free-az-no-tripod-no-cable-wrap,
196610.4953903,14.776299499993911,01ACF3,valid,109811,109811,779,4430.050414191221,4333.198598003448,0072F1,steady-state-tail,True,free-az-no-tripod-no-cable-wrap,
196610.6713041,14.952213299984578,01AFD6,valid,110550,110550,739,4200.921133186863,4326.892953699567,0072F1,steady-state-tail,True,free-az-no-tripod-no-cable-wrap,
